morning_1,morning_2,morning_3,morning_4,morning_5,amsnack_1,amsnack_2,lunch_1,lunch_2,lunch_3,lunch_4,lunch_5,pmsnack_1,pmsnack_2,dinner_1,dinner_2,dinner_3,dinner_4,dinner_5
찹쌀밥,만두국,감자채볶음,도라지무침,배추김치,S연두부샐러드(오리엔탈드레싱),empty,소고기가지덮밥,느타리버섯국,연근강정,파인콘샐러드,배추김치,S복숭아(80g),S수제바나나우유,팥밥,두부전골,주꾸미채소간장볶음,파래무침,깍두기
쌀밥(추가),팥죽,연두부+흑임자소스,메추리알고구마조림,나박김치,S건포도감자볼,S우유(200ml),밤찹쌀팥밥,바지락된장국,순살닭볶음탕,미나리숙주나물,오이소박이김치,S소보로빵,S오렌지주스,수수밥,감자탕,코다리엿장조림,참나물볶음,백김치
현미밥,북어국,게맛살파프리카볶음,양배추된장나물,열무물김치,S밤식빵,S단호박식혜,해물볶음밥,실파장국,메추리알곤약조림,양상추유자청무침,비트초절이,S멜론(50g),S우유미숫가루,율무밥,모시조개탕,소고기찹쌀구이,건새우볶음,얼갈이배추김치
소고기김주먹밥,맑은가쓰오부시장국,시금치스크램블에그,마카로니오이샐러드,총각김치,S검은깨두유(100ml),empty,현미찹쌀밥,두부감자국,주꾸미볶음,더덕사과무침,나박김치,S오렌지(50g),S수제바나나우유,율무밥,만두닭개장,애호박생선살찜,김치녹두전,깍두기
쌀밥,두부탕국,새우살스크램블에그,팽이버섯나물,배추김치,empty,S토마토주스,소고기굴소스볶음밥,애호박맑은국,채소튀김(감자),견과류고구마범벅,오이피클,empty,S수제블루베리우유,밤콩밥,만두국,닭가슴살데리야끼조림,도라지나물,나박김치
율무밥,맑은순두부국,게맛살파프리카볶음,연근흑임자샐러드,나박김치,S치즈,S오렌지주스,쌀밥,표고버섯탕,단호박돼지고기조림,애호박볶음,배추김치,오이스틱,S수제바나나우유,쌀밥,만두국,두부채소굴소스볶음,콩나물무침,배추김치
밤콩밥,두부대합탕국,삼겹살김치볶음,미역나물,동치미,S배(50g),S우유(100ml),파프리카유부초밥,실파장국,치킨텐더샐러드(머스타드드레싱),empty,단무지,empty,S단호박식혜,율무밥,만두닭개장,주꾸미볶음,팽이버섯나물,열무물김치
흑미밥,감자국,돼지고기케첩조림,애호박볶음,배추김치,S오렌지(50g),S우유미숫가루,콩밥,달래된장국,주꾸미볶음,다시마튀각,오이소박이김치,empty,S쌀음료,치즈채소볶음밥,순두부백탕,감자버터구이,취나물된장무침,깍두기
밤찹쌀팥밥,두부감자국,알감자조림,닭가슴살샐러드(머스타드소스),단배추물김치,S거봉(100g),S단호박식혜,흑미밥,모듬버섯국,소고기토마토조림,청경채초무침,열무물김치,S귤(50g),S바나나쉐이크,소고기카레라이스,콩나물국,새우살크림소스볶음,empty,석박지
고구마밥,조랭이떡미역국,두부달걀찜,고구마순된장무침,배추김치,empty,S수제딸기우유,소고기가지덮밥,느타리버섯국,채소크로켓,새싹채소샐러드,배추김치,S바나나(50g),S호두우유,검정콩밥,만두국,토마토소스닭조림,느타리버섯나물,배추김치
팥밥,다시마감자국,닭가슴살데리야끼조림,토마토치즈샐러드,비트초절이,S단호박식혜,empty,찹쌀밥,버섯맑은국,낙지채소볶음,숙주당근나물,배추김치,S복숭아(천도)-80g,S요구르트,일본식소고기덮밥(규동),미니유부우동,미트볼피망조림,단호박고구마샐러드,오이피클
찹쌀현미밥,김치두부국,돼지고기데리야끼조림,가지양념무침,나박김치,empty,S우유(150ml),닭살카레감자밥+양념장,애호박맑은국,채소크로켓,푸실리샐러드,깍두기,S꿀호떡,S쌀음료,옥수수밥,두부전골,삼치구이+양념장,팽이버섯부추나물,배추김치
콩밥,쑥완자탕,순살간장닭갈비,애호박볶음,파김치,S딸기(100g),S우유(100ml),채소주먹밥,실파달걀국,아몬드잔멸치볶음,녹두전,단무지,S참외샐러드,S우유(100ml),완두콩밥,찹쌀옹심이국,닭살카레조림,모듬버섯나물,열무김치
찹쌀밥,느타리버섯국,햄달걀부침,가지무침,백김치,empty,S토마토주스,팥밥,만두국,닭살고구마조림,브로콜리나물,나박김치,S자두(50g),S우유(100ml),소고기굴소스볶음밥,게살스프,고구마튀김,달걀샐러드,비트초절이
수수밥,우렁이된장국,햄오믈렛,토마토범벅,오이소박이김치,S멜론(50g),S검은콩우유(150ml),밤콩밥,닭개장,안매운오삼불고기,도라지나물,배추김치,empty,S복숭아호두스무디,닭살카레감자밥+양념장,애호박국,모듬버섯전,진미채무말랭이무침,깍두기
찹쌀밥(추가),팥죽,멸치파프리카볶음,우엉채곤약조림,동치미,S단감(50g),S우유(100ml),팥밥,소고기봄동국,오리훈제채소구이,팽이버섯부추나물,총각김치,empty,S토마토주스,새우크림스파게티,empty,치킨너겟+토마토케첩,양상추샐러드(키위드레싱),비트초절이
찹쌀현미밥,콩나물무국,삼치구이,호박나물,배추김치,S참외(100g),S단호박식혜,일본식소고기덮밥(규동),미니유부우동,감자버터구이,수박샐러드,배추김치,S달걀토스트,S우유(100ml),밤콩밥,애호박젓국찌개,안매운오삼불고기,고구마순된장무침,열무물김치
옥수수밥,곤약어묵국,두부채소굴소스볶음,조미김,열무김치,S호두,S식혜,새우버섯덮밥,채소스프,(가공)만두튀김,파프리카콘샐러드,백김치,S감자채요거트샐러드,S오미자차,찹쌀밥,닭개장,주꾸미채소간장볶음,양배추쌈,총각김치
밤콩밥,느타리버섯국,어묵감자조림,고구마순된장무침,열무물김치,S사과(50g),S우유(200ml),돼지고기양배추덮밥,유부실파국,진미채간장조림,애호박나물,나박김치,S백설기,S고구마쉐이크,율무밥,버섯개장,훈제오리구이,양상추샐러드(키위드레싱),백김치
옥수수밥,호박맑은국,주꾸미채소간장볶음,두부톳무침,배추김치,empty,S복숭아호두스무디,찹쌀밥,맑은김치어묵국,닭볶음탕,느타리버섯나물,총각김치,S크랜베리찹쌀케이크,S포도주스,해물볶음밥,느타리버섯맑은국,튀김만두+초간장,토마토범벅,배추김치
찹쌀밥,으깬두부된장국,채소달걀말이,깻잎순멸치볶음,오이소박이김치,S블루베리(50g),S떠먹는요구르트(100ml),브로콜리채소볶음밥,미니유부우동,치킨텐더샐러드(머스타드드레싱),empty,비트초절이,S바나나사과키위샐러드,S우유(100ml),팥밥,김치맑은국,미트볼피망조림,냉이무침,나박김치
완두콩밥,두부대합탕국,참치달걀말이,토마토카프레제,열무물김치,S포도(100g),S호두우유,새송이버섯카레라이스,감자양파국,찐만두,양상추유자청무침,콜라비나박김치,S핫케이크,S검은깨두유(150ml),율무밥,모듬버섯찌개,오리훈제채소구이,애호박당근볶음,배추김치
밤찹쌀팥밥,애호박새우젓국,달걀찜(30g),느타리버섯나물,석박지,S딸기쨈식빵,S우유(100ml),일본식소고기덮밥(규동),실파장국,미니돈까스,마카로니콘샐러드,깍두기,S사과(75g),S매실차,찹쌀밥,미역국,돼지고기갈비찜,얼갈이무침,열무김치
밤밥,팥죽,달걀찜(30g),크래미채소볶음,나박김치,empty,S떠먹는요구르트(100ml),방울토마토새우볶음밥,크림스프,고구마맛탕,양배추샐러드(사우전아일랜드드레싱),비트초절이,S오이당근스틱,S우유(200ml),완두콩밥,대파된장찌개,순살간장닭갈비,모듬버섯전,오이소박이김치
찹쌀밥,냉이콩나물된장국,베이컨파프리카볶음,가지나물,배추김치,S치즈케이크,S오렌지주스(무가당),율무밥,조갯살된장찌개,오리훈제채소구이,얼갈이나물,깍두기,S수박(100g),S호두우유,찹쌀팥밥,감자탕,장산적조림,참나물간장무침,배추김치
팥밥,미역만두국,주꾸미볶음,돌나물흑임자샐러드,오이소박이김치,S오렌지(50g),S단호박식혜,파프리카유부초밥,모듬어묵국,웨지감자,요거트과일범벅,배추김치,empty,S우유(100ml),찹쌀밥,만두닭개장,주꾸미볶음,배추나물,열무물김치
쌀밥,맑은애호박국,소고기사태장조림,오이토마토샐러드(발사믹드레싱),나박김치,S오이스틱,S검은깨두유(150ml),고구마밥,만두순두부찌개,가자미살구이,콩나물무침,배추김치,S군고구마,S우유(100ml),찹쌀밥,배추들깨국,닭볶음탕,견과류시금치무침,깍두기
파프리카유부초밥,팽이장국,채소스크램블에그,단호박샐러드,비트초절이,S파인애플(50g),S떠먹는요구르트(100ml),밤콩밥,만두국,닭다리케첩조림,가지무침,오이소박이김치,S오미자아이스크림,empty,율무밥,콩나물육개장,돼지목살구이,더덕사과무침,열무물김치
수수밥,양지곰국,게살스크램블에그,아욱무침,깍두기,S모닝빵,S요구르트,옥수수밥,버섯부추국,춘천닭갈비,얼갈이나물,깍두기,S마카로니채소샐러드,S우유(100ml),취나물표고영양밥,김치맑은국,고등어살카레구이,참나물무침,총각김치
팥밥,만두국,메추리알고구마조림,애호박건새우볶음,나박김치,S사과(50g),empty,검정콩밥,모듬버섯찌개,연어구이+타르타르소스,도라지무침,배추김치,S참외(100g),S우유(100ml),닭살카레감자밥+양념장,감자국,채소크로켓,토마토두부샐러드,오이피클
옥수수밥,느타리버섯국,미트볼토마토소스조림,김구이+달래양념장,열무물김치,empty,S고구마쉐이크,돼지고기양배추덮밥,미소국,춘권튀김,바나나사과키위샐러드,배추김치,S건포도감자볼,S오렌지주스,찹쌀밥,순두부찌개,돼지사태찜,고구마순된장무침,배추김치
팥밥,콩나물육개장,삼치양념구이,우엉채곤약조림,열무김치,S사과(50g),empty,율무밥,두부전골,돼지갈비단호박찜,애호박볶음,깻잎김치,S마들렌,S오렌지주스(무가당),일본식소고기덮밥(규동),애호박젓국찌개,물파래옥수수전,모듬과일샐러드,나박김치
찹쌀밥(추가),팥죽,새우볼조림,고구마순된장무침,동치미,S치즈,S토마토주스,소고기가지덮밥,다시마새우젓국,채소크로켓,건새우애호박볶음,비트초절이,S송편,S우유(100ml),수수밥,모듬버섯찌개,오삼불고기,참외노각무침,총각김치
밤콩밥,미역국,소고기버섯장조림,콩나물무침,배추김치,empty,S우유(100ml),찹쌀밥,만두닭개장,돼지고기갈비찜,애호박볶음,배추김치,empty,S토마토쉐이크,돼지고기양배추덮밥,당근스프,고구마엿장조림,새싹채소샐러드(오리엔탈드레싱),나박김치
팥밥,느타리버섯국,주꾸미채소간장볶음,도라지무침,배추김치,S치즈,S단호박식혜,브로콜리채소볶음밥,애호박맑은국,닭가슴살데리야끼조림,감자건포도샐러드,깍두기,S삶은달걀(50g),S수제바나나우유,찹쌀밥,두부전골,매생이육전,오이파프리카무침,배추김치
옥수수밥,애호박새우젓국,닭가슴살간장조림,곤드레나물볶음,배추김치,empty,S바나나쉐이크,일본식소고기덮밥(규동),느타리버섯맑은국,견과류고구마범벅,브로콜리초무침,깍두기,S백설기,S오렌지주스(무가당),찹쌀밥,북어국,돼지사태찜,콩나물무침,배추김치
찹쌀밥,부추된장국,돼지고기양송이장조림,숙주당근나물,비트초절이,S떠먹는요구르트(100ml),empty,소고기채소볶음밥,곤약어묵국,감자버터구이,푸실리샐러드(토마토소스),배추김치,S치즈스틱,S포도주스,팥밥,만두닭개장,주꾸미채소간장볶음,가지구이,나박김치
기장밥,바지락된장국,달걀간장조림,파프리카유자청무침,배추김치,S애플파이,S레몬주스,수수밥,오징어숙주국,순살간장닭갈비,파프리카초무침,배추김치,S치즈,S우유미숫가루,일본식소고기덮밥(규동),실파달걀국,미니돈까스,양배추오이샐러드,깍두기
밤콩밥,아욱맑은국,닭살양배추볶음,미나리초무침,깍두기,S키위(50g),S우유(200ml),가지채소볶음밥,감자국,해물김치전,메추리알고구마조림,배추김치,S건포도감자볼,S오렌지주스,밤찹쌀팥밥,감자탕,주꾸미채소볶음,열무볶음,배추김치
수수밥,조랭이떡미역국,고구마메추리알조림,건새우애호박볶음,총각김치,empty,S수제딸기우유,브로콜리채소볶음밥,미니유부우동,채소크로켓,참외샐러드,오이피클,S꿀떡,S요구르트,찹쌀밥(추가),팥죽,매생이육전,단호박호두조림,콜라비나박김치
팥밥,조랭이떡미역국,달걀말이,연근흑임자샐러드,열무김치,S당근스프,S쌀음료,밤콩밥,시금치맑은국,돼지갈비찜,도라지나물,배추김치,empty,S고구마쉐이크,닭살카레감자밥+양념장,애호박두부젓국,오이토마토샐러드(발사믹드레싱),empty,깍두기
수수밥,조랭이떡미역국,미니돈까스,양상추샐러드(키위드레싱),배추김치,S딸기(100g),S단호박식혜,찹쌀팥밥,콩나물국,해물찜,팽이버섯부추나물,석박지,S매실젤리,S우유(200ml),브로콜리채소볶음밥,느타리버섯국,춘권튀김,콘채소샐러드,총각김치
밤콩밥,안매운김치국,피망참치전,고구마순된장무침,나박김치,S참외샐러드,S우유(100ml),흑미밥,애호박두부젓국,소고기잡채,도라지나물,깻잎김치,S치즈스틱,S쌀음료,율무밥,모듬버섯찌개,오징어채소완자전,콩나물무침,깍두기
팥밥,으깬두부된장국,볼어묵볶음,파프리카유자청무침,배추김치,empty,S수제바나나우유,닭살카레감자밥+양념장,달걀파국,요거트과일샐러드,empty,동치미,S백설기,S식혜,찹쌀밥,만두국,주꾸미채소간장볶음,팽이버섯나물,비트초절이
밤찹쌀팥밥,맑은양배추국,궁중떡볶이,브로콜리숙회(흑임자소스),열무물김치,empty,S과일연두부스무디,고구마밥,조갯살순두부맑은국,돼지고기편육,양배추쌈,총각김치,S아몬드사과도넛,S우유(100ml),취나물표고영양밥,실파콩나물국,조기구이,다시마감자채전,나박김치
찹쌀밥,두부장국,달걀말이,시금치나물,배추김치,S오이당근스틱,S우유(200ml),팥밥,감자국,돼지고기갈비찜,브로콜리깨소스무침,열무김치,S포도(100g),empty,쌀밥,바지락국,소고기찹쌀구이,마카로니채소샐러드(마요네즈),석박지
두부카레라이스,실파장국,empty,코울슬로,배추김치,S귤(80g),empty,율무밥,참치김치찌개,감자비엔나조림,애호박볶음,깍두기,S단호박설기,S우유(100ml),완두콩밥,만두국,주꾸미볶음,톳나물무침,나박김치
팥밥,오이미역냉국,주꾸미채소간장볶음,땅콩연근조림,배추김치,empty,S미숫가루,브로콜리채소볶음밥,애호박맑은국,미트볼피망조림,도라지무침,비트초절이,S크랜베리찹쌀케이크,S우유(100ml),찹쌀밥,만두국,닭가슴살데리야끼조림,양배추나물,깍두기
찹쌀현미밥,바지락파래국,두부구이,일미무침,배추김치,S팥죽,empty,일본식소고기덮밥(규동),맑은애호박국,돼지고기강정+소스,찐감자,열무김치,S꿀호떡,S오렌지주스,옥수수밥,모듬버섯국,순살닭볶음탕,참나물무침,배추김치
옥수수밥,설렁탕+소면,떡갈비간장조림,부추나물,깍두기,empty,S고구마쉐이크,찹쌀밥,두부전골,주꾸미채소간장볶음,참나물들깨무침,배추김치,S단팥빵,S보리차,돼지고기양배추덮밥,곤약어묵국,감자버터구이,오이샐러드,비트초절이
잡곡밥,배추맑은국,훈제오리구이,감자샐러드,총각김치,S귤(50g),S우유(100ml),가지채소볶음밥,부추들깨국,치킨텐더샐러드(머스타드드레싱),empty,콜라비나박김치,S완자전,S단호박식혜,밤찹쌀팥밥,콩나물육개장,주꾸미채소볶음,취나물무침,백김치
율무밥,맑은미역국,소고기양배추볶음,연두부샐러드(오리엔탈드레싱),깍두기,empty,S수제블루베리바나나우유,율무밥,표고버섯탕,오리훈제채소구이,깻잎새콤무침,배추김치,empty,S방울토마토(70g),소고기가지덮밥,애호박두부젓국,찐만두,팽이버섯나물,배추김치
옥수수밥,곤약어묵국,닭가슴살데리야끼조림,양배추채무침,깍두기,S꿀떡,S우유(100ml),돼지고기양배추덮밥,유부대파국,맛살꼬지전,토마토치커리무침,배추김치,S멜론(50g),S요구르트,찹쌀밥,떡만두국(가공만두),오징어볶음+소면,애호박나물,배추김치
쌀밥(30),팥죽,(저염)달걀장조림,애호박건새우볶음,동치미,empty,S우유(100ml),해물볶음밥,당근스프,오징어링튀김,견과류고구마범벅,깍두기,S오렌지(50g),S쌀음료,밤콩밥,모듬버섯된장국,소고기떡찜,우엉채곤약조림,배추김치
밤찹쌀팥밥,애호박젓국찌개,두부채소굴소스볶음,콩나물무침,배추김치,S참깨우유스프,S둥글레차,충무김밥+반찬,콩가루시래기국,감자채볶음,empty,배추김치,empty,S단호박식혜,찹쌀밥,온청포묵국,소고기토마토조림,청경채나물,깍두기
달걀버섯볶음밥,실파맑은국,감자버터구이,코울슬로,배추김치,S오렌지(50g),empty,수수밥,애호박국,순살간장닭갈비,아욱나물무침,배추김치,S노란시루떡,S우유(100ml),찹쌀밥,감자탕,장산적조림,봄동해물전,깻잎김치
팥밥,맑은바지락탕,닭살청경채볶음,팽이버섯나물,배추김치,S참외(100g),empty,밤콩밥,두부전골,떡갈비채소볶음,고사리나물,배추김치,empty,S수제블루베리우유,일본식소고기덮밥(규동),감자미역국,양상추샐러드(키위드레싱),empty,깍두기
찹쌀밥,만두국,브로콜리새우볶음,참외노각무침,배추김치,empty,S토마토주스,소고기가지덮밥,숙주맑은국,으깬두부채소전,요거트과일샐러드,깍두기,empty,S수제바나나우유,옥수수밥,순두부백탕,갈치구이,도라지무침,배추김치
밤콩밥,쪽파무채국,주꾸미채소볶음,미나리초무침,배추김치,S사과(50g),empty,가지채소볶음밥,미니메밀국수,메추리알고구마조림,empty,깍두기,S우유(100ml),S송편,밤찹쌀팥밥,감자탕,해물김치전,부추잡채볶음,총각김치
옥수수밥,애호박새우젓국,두부채소굴소스볶음,콩나물무침,배추김치,S감말랭이,S식혜,백김치볶음밥,부추맑은국,닭살굴소스볶음,empty,깍두기,S연두부샐러드(오리엔탈드레싱),empty,찹쌀밥,호박칼제비국,해물찜,머위나물,비트초절이
찹쌀밥(추가),팥죽,해물김치전,돌나물유자청무침,나박김치,S찐옥수수,S매실차,수수밥,모듬버섯찌개,소고기청경채볶음,우엉조림,배추김치,S수제블루베리우유,empty,일본식소고기덮밥(규동),버섯부추국,채소크로켓,메추리알마요네즈샐러드,나박김치
소고기김주먹밥,유부맑은국,토마토달걀볶음,연근흑임자샐러드,단무지,S단호박떡케익,S둥글레차,율무밥,감자탕,오리불고기,참외나물,열무물김치,S카스텔라,S우유(100ml),잡곡밥,시금치맑은국,삼치간장조림,치커리유자청무침,깍두기
팥밥,우렁이된장국,가자미살구이,브로콜리참깨무침,배추김치,empty,S토마토주스,소고기가지덮밥,미니우동,비엔나브로콜리꼬지,고구마범벅,배추김치,S배(50g),S우유(100ml),찹쌀밥,들깨우거지국,오징어부추전,무나물,배추김치
옥수수밥,시금치맑은국,주꾸미채소간장볶음,느타리버섯나물,열무김치,S오이스틱,S미숫가루,돼지고기양배추덮밥,느타리버섯국,단호박꿀찜,토마토두부샐러드,열무물김치,S수제멸치과자,S매실주스,찹쌀밥,삼계탕,새송이버섯전,채소비빔소면,깍두기
밤찹쌀팥밥,달래맑은국,새우살달걀찜,파래자반,나박김치,S단호박죽,S보리차,찹쌀팥밥,애호박새우젓국찌개,훈제오리단호박볶음,고구마순들깨나물,배추김치,S마카로니채소샐러드,empty,밤밥,순두부찌개,순살된장닭볶음,당근숙주나물,백김치
파프리카유부초밥,실파장국,두부채소굴소스볶음,empty,배추김치,S파인애플(50g),empty,찹쌀밥,만두닭개장,안매운오삼불고기,숙주나물김무침,총각김치,empty,S우유(200ml),밤콩밥,감자탕,주꾸미볶음,검정콩조림,깍두기
수수밥,만두국,달걀말이,김무침,배추김치,S방울토마토(35g),S쌀음료,밤콩밥,얼갈이맑은국,갈치구이,삼색나물,배추김치,empty,S호두우유,불고기채소비빔밥,콩나물국,두부채소전,empty,배추김치
쌀밥,감자국,주꾸미채소간장볶음,가지양념찜,열무물김치,S감말랭이,S식혜,크림소스스파게티,맑은장국,닭살카레튀김,코울슬로,비트초절이,empty,S고구마쉐이크,찹쌀팥밥,두부전골,돼지사태찜,콩나물무침,깍두기
찹쌀현미밥,애호박맑은국,돼지고기짜장볶음,냉이무침,배추김치,S사과(50g),S쌀음료,소고기가지덮밥,두부맑은국,치킨너겟+머스타드소스,그린샐러드,배추김치,empty,S우유(100ml),찹쌀밥,만두국,삼치무간장조림,감자어묵볶음,배추김치
흑미밥,두부탕국,메추리알곤약조림,얼갈이배추겉절이,깍두기,empty,S치즈,새우편마늘볶음밥,감자국,새싹채소샐러드(오리엔탈드레싱),empty,배추김치,S견과류,S수제블루베리우유,밤콩밥,미역국,돼지고기찹쌀구이(간장),호두마늘종볶음,배추김치
찹쌀밥,조랭이떡미역국,스크램블에그,어묵파프리카볶음,비트초절이,S방울토마토(70g),empty,찹쌀현미밥,두부전골,돼지고기강정+소스,도라지무침,오이소박이김치,S단호박설기,S쌀음료,소고기가지덮밥,유부맑은국,콘채소샐러드,empty,열무김치
현미밥,팽이버섯달걀탕,닭살피망볶음,느타리버섯나물,깍두기,S바나나사과키위샐러드,empty,옥수수밥,돼지고기된장찌개,코다리무조림,돌나물유자청무침,나박김치,S오미자아이스크림,empty,쌀밥,콩나물육개장,미트볼조림,건새우애호박볶음,열무물김치
현미밥,감자호박국,게맛살파프리카볶음,김자반,비트초절이,empty,S미숫가루,찹쌀팥밥,두부대합탕국,떡갈비구이,당근숙주나물,배추김치,S사과(50g),S우유(100ml),율무밥,(저염)닭곰탕,오징어무조림,양상추유자청무침,깍두기
팥밥,미역만두국,볼어묵채소조림,양배추나물,나박김치,S모닝빵,S요구르트,채소비빔밥,팽이버섯달걀국,두부스테이크,empty,깍두기,S백설기,S매실차,밤콩밥,콩나물국,돼지고기사태찜,가지구이,열무김치
찹쌀밥,감자수제비국,베이컨팽이버섯볶음,도라지무침,배추김치,empty,S토마토주스,소고기굴소스볶음밥,맑은장국,치킨텐더샐러드(머스타드드레싱),empty,깍두기,S크랜베리찹쌀케이크,S우유(100ml),찹쌀밥,두부전골,삼치구이,애호박나물,배추김치
소고기김주먹밥,미소국,토마토달걀볶음,empty,깍두기,S치즈,empty,옥수수밥,바지락국,주꾸미채소간장볶음,고구마순된장무침,총각김치,S찐빵,S쌀음료,찹쌀밥,맑은육개장,돼지고기짜장볶음,오이나물,나박김치
팥밥,감자미역국,달걀찜(30g),배추나물,나박김치,empty,S우유(100ml),찹쌀밥,버섯샤브샤브,닭가슴살데리야끼조림,삼색나물,배추김치,S오렌지(50g),S미숫가루,일본식소고기덮밥(규동),미니우동,사과샐러드(마요네즈),empty,깍두기
소고기김주먹밥,당근스프,참치달걀말이,파프리카초무침,깍두기,empty,S단호박식혜,옥수수밥,조갯살아욱국,돼지고기달걀장조림,깻잎감자전,나박김치,S찐고구마,S우유(100ml),찹쌀밥,순한김치국,소불고기(등심),톳나물무침,깍두기
수수밥,연두부된장찌개,볼어묵조림,브로콜리깨소스무침,백김치,S사과(50g),empty,소고기가지덮밥,부추맑은국,고구마튀김,토마토어린잎샐러드,깍두기,S크로와상(30g),S우유(150ml),밤콩밥,조랭이떡미역국,훈제오리구이+무쌈,콩나물무침,오이소박이김치
완두콩밥,순두부백탕,돼지고기떡갈비구이,상추배생채,배추김치,S바나나(50g),empty,찹쌀밥,모듬어묵장국,닭찜,애호박볶음,배추김치,S딸기(100g),S우유(150ml),일본식소고기덮밥(규동),미니유부우동,양배추마요무침,empty,깍두기
옥수수밥,콩나물국,돼지고기간장불고기,깻잎나물,배추김치,S키위(100g),empty,돼지고기양배추덮밥,브로콜리스프,춘권튀김,배무생채,배추김치,S증편,S식혜,율무밥,두부전골,주꾸미채소간장볶음,가지양념찜,깍두기
밤콩밥,단호박무국,돼지고기양송이장조림,김구이,배추김치,empty,S우유(100ml),백김치볶음밥,미니우동,치킨너겟+소스,양배추오이샐러드,깍두기,empty,S오미자아이스크림,찹쌀밥,팥죽,부추참치전,연근유자청무침,열무김치
옥수수밥,콩나물국,삼치데리야끼구이,팽이버섯부추나물,깍두기,S치즈,empty,소고기카레라이스,맑은가쓰오부시장국,새우춘권튀김,고구마샐러드,배추김치,empty,S복숭아호두스무디,율무밥,차돌박이된장국,단호박찜닭,콩자반,배추김치
팥밥,들깨표고국,두부데리야끼구이,콩나물무침,배추김치,S포도(100g),empty,돼지고기양배추덮밥,팽이버섯맑은국,김치녹두전,empty,깍두기,S무지개떡(40g),S식혜,찹쌀밥,맑은꽃게탕,주꾸미채소간장볶음,파래자반,백김치
완두콩짜장밥,부추맑은국,고구마샐러드,empty,배추김치,S거봉(100g),S쌀음료,옥수수밥,들깨무국,오리훈제채소구이,양배추오이샐러드,배추김치,S머핀,S우유(100ml),찹쌀밥,만두국,유자소스가자미구이,연근조림,배추김치
밤콩밥,두부미역국,닭다리케첩조림,파프리카유자청무침,배추김치,S식혜,empty,일본식소고기덮밥(규동),미니어묵우동,감자치즈전,양배추샐러드,깍두기,empty,S복숭아호두스무디,찹쌀밥,버섯채소전골,돼지고기찹쌀구이(간장),콩나물무침,배추김치
콩밥,콩나물국,소고기사태장조림,오이볶음,배추김치,S포도(100g),empty,돼지고기양배추덮밥,감자채맑은국,미니돈까스,모듬견과조림,깍두기,S호떡,S미숫가루,밤밥,감자호박국,닭안심사과볶음,시금치나물,배추김치
수수밥,만두국,삼치구이+양념장,애호박건새우볶음,열무물김치,S치즈,S토마토주스,소고기가지덮밥,애호박맑은국,채소크로켓,팽이버섯나물,비트초절이,empty,S수제바나나우유,찹쌀밥,모듬버섯찌개,돼지고기간장불고기,도라지오이무침,배추김치
차조밥,연두부탕,달걀말이,브로콜리숙회(흑임자소스),배추김치,empty,S단호박식혜,보리밥,"물만두국(달걀제외,가공만두)",주꾸미채소간장볶음,아욱나물무침,나박김치,empty,S검은깨두유(100ml),찹쌀팥밥,감자미역국,돼지고기떡갈비,양상추샐러드(키위드레싱),깍두기
파프리카유부초밥,실파김국,옥수수토마토소스볶음,코울슬로,배추김치,empty,S검은깨두유(100ml),쌀밥,모듬버섯찌개,너비아니채소볶음,시래기된장무침,배추김치,S블루베리(50g),S떠먹는요구르트(100ml),찹쌀밥,배추당면국,닭봉조림,고구마샐러드(마요네즈),깍두기
수수밥,어묵국,달걀찜(30g),시금치나물,깍두기,S연두부샐러드(오리엔탈드레싱),empty,옥수수밥,조갯살된장찌개,언양식불고기,파프리카볶음,배추김치,S찐감자,S쌀음료,불고기채소비빔밥,탕국,모듬버섯전,검정콩호두조림,배추김치
고구마밥,어묵맑은국,(저염·저당)메추리알장조림,양상추딸기샐러드,동치미,S당근스프,empty,일본식소고기덮밥(규동),미니새우튀김우동,양상추샐러드,empty,배추김치,S건포도감자볼,S오미자차,밤밥,수제비국,매생이육전,우엉조림,배추김치
찹쌀팥밥,표고버섯탕,메추리알어묵조림,더덕사과무침,배추김치,S검은콩우유(100ml),empty,율무밥,소고기미역국,가자미조림,오이나물,배추김치,S치즈스틱,S오렌지주스(무가당),두부카레라이스,실파장국,맛살전,양배추샐러드,깍두기
찹쌀밥,감자다시마국,삼치양념구이,아욱나물무침,배추김치,S바나나(50g),empty,새우크림스파게티,empty,치킨너겟+토마토케첩,양상추샐러드,오이피클,empty,S우유미숫가루,팥밥,양파오징어국,돼지사태떡찜,연근채소전,배추김치
고구마밥,소고기국,두부케첩조림,양배추샐러드(레몬드레싱),깍두기,S우유(100ml),empty,밤찹쌀팥밥,어묵탕,단호박해물찜,애호박양파볶음,배추김치,S블루베리(50g),S요구르트,찹쌀팥밥,수제비아욱국,돼지고기찹쌀구이(간장),들깨오이무침,배추김치
찹쌀밥(추가),팥죽,돼지고기연근채소전,무채무침,동치미,S치즈,empty,쌀밥,만두국,갈치감자조림,애호박콩가루볶음,배추김치,empty,S수제바나나우유,새우크림스파게티,empty,닭살스테이크볶음,고구마샐러드(마요네즈),오이피클
수수밥,두부탕국,카레닭가슴살볶음,김무침,배추김치,S떠먹는요구르트(100ml),empty,소고기가지덮밥,실파달걀국,단호박튀김,토마토카프레제,배추김치,S단팥빵,S우유(100ml),밤콩밥,우거지맑은국,돼지고기김치불고기,콩나물쫄면,깍두기
검정콩밥,어묵무국,새우살달걀찜,고구마줄기볶음,배추김치,empty,S수제바나나우유,옥수수밥,애호박국,소고기사태장조림,연근채소전,열무물김치,S바람떡(40g),S단호박식혜,카레라이스,맑은가쓰오부시장국,알감자조림,양배추샐러드,깍두기
찹쌀밥,아욱맑은국,미트볼조림,참나물배겉절이,석박지,S견과류,S오렌지주스,수수밥,조랭이떡미역국,낙지채소볶음,가지구이,깍두기,S오미자아이스크림,empty,시금치데리야끼볶음밥,미니우동,맛살구이,양배추유자청샐러드,배추김치
옥수수밥,북어김치국,부추달걀볶음,콩나물무침,깍두기,S건포도감자볼,empty,참치깻잎덮밥,실파김국,닭봉구이,양배추콘샐러드,배추김치,S꿀떡,S우유(100ml),찹쌀밥,육개장,임연수유자청구이,청포묵숙주김무침,배추김치
잡곡밥,부추바지락국,달걀찜(30g),양배추샐러드(레몬드레싱),깍두기,S청포도(100g),empty,새우편마늘볶음밥,완자탕,단호박채소전,파프리카스틱,배추김치,S귤(50g),S우유미숫가루,현미찹쌀밥,두부김치국,주꾸미채소간장볶음,콩나물김무침,나박김치
밤밥,표고버섯탕,온두부찜,콩나물김무침,배추김치,S토마토(200g),empty,오므라이스,미니우동,새우살채소볶음,사과오렌지샐러드(요거트드레싱),배추김치,empty,S우유(100ml),율무밥,재첩국,떡갈비간장조림,동부묵무침,배추김치
불고기주먹밥,부추새우맑은국,empty,감자건포도샐러드,배추김치,S치즈,empty,찹쌀밥,모듬버섯찌개,뼈없는닭갈비,토마토두부샐러드,깍두기,empty,S미숫가루,쌀밥,팥죽,콩나물냉채,오징어초무침,동치미
쌀밥,소고기버섯국,두부간장조림,양배추무침,동치미,empty,S우유(100ml),참치마요덮밥,미소장국,새우춘권튀김,과일샐러드,배추김치,S건포도감자볼,S쌀음료,밤밥,바지락된장국,닭살청경채볶음,마늘쫑무침,열무김치
채소볶음밥,미소장국,메추리알장조림,상추사과초무침,배추김치,empty,S오렌지주스,고구마밥,양배추백짬뽕국,소고기육전,열무볶음,나박김치,S방울토마토(35g),S떠먹는요구르트(100ml),율무밥,팽이버섯된장국,돼지고기우엉잡채,얼갈이나물,배추김치
쌀밥(30),팥죽,동그랑땡전,느타리버섯나물,동치미,S사과(50g),empty,장조림버터비빔밥,실파장국,맛살채소새콤무침,empty,배추김치,S치즈스틱,S오렌지주스,찹쌀밥,닭개장,오징어초무침,시금치나물,배추김치
율무밥,설렁탕,감자어묵조림,깻잎나물무침,깍두기,S수박(100g),empty,율무밥,차돌박이된장국,유자소스가자미구이,(저염)연근조림,배추김치,S치즈,S토마토주스,소보로덮밥,미니우동,새우채소전,파프리카양파볶음,배추김치
수수밥(40),맑은양배추국,돼지고기파프리카볶음,건파래무침,배추김치,S수박(100g),empty,안매운마파두부덮밥,느타리버섯국,채소크로켓,콘채소샐러드,깍두기,S머핀,S우유(100ml),찹쌀밥,소고기무국,오삼불고기,오이무침,백김치
쌀밥,감자국,돼지고기데리야끼조림,시금치나물,배추김치,S바나나(50g),empty,새우카레볶음밥,실파달걀국,감자버터구이,열무볶음,배추김치,S단호박샐러드,S유자차,밤찹쌀팥밥,두부맑은된장국,닭살양배추볶음,해물김치전,깍두기
팥밥,콩가루시금치국,닭다리케첩조림,과일땅콩샐러드,배추김치,S우유(100ml),empty,쌀밥,순한김치두부국,소고기장조림,아욱건새우전,나박김치,S고구마경단,S매실주스,찹쌀밥,사골파국,오징어굴소스볶음,가지나물무침,배추김치
햄채소볶음밥,감자국,멸치호두볶음,팽이버섯나물,배추김치,empty,S바나나(50g),밤콩밥,양파오징어국,조랭이떡소불고기,깻잎들깨나물,배추김치,S우유(100ml),S약과,율무밥,소갈비탕,달걀말이,애호박새우젓볶음,깍두기
옥수수밥,매생이홍합국,어묵당근볶음,얼갈이무침,배추김치,S사과(50g),empty,열무비빔밥,탕국,순두부+양념장,가지양념찜,나박김치,S멜론(50g),S떠먹는요구르트(100ml),고구마밥,다진소고기콩나물국,돼지고기찹쌀구이(간장),팽이버섯부추나물,깍두기
잡곡밥,닭살숙주국,소고기버섯장조림,곤드레나물,배추김치,S참외(100g),empty,가지채소볶음밥,감자달걀국,두부부침+양념장,유채나물무침,배추김치,S우유(100ml),empty,밤찹쌀팥밥,청경채된장국,삼겹살김치볶음,취나물무침,깍두기
밤콩밥,대구살맑은국,닭가슴살칠리떡볶음,사과연근샐러드,배추김치,S우유(100ml),empty,찹쌀밥,두부전골,오징어간장조림,배무생채,배추김치,S쌀과자,S오렌지주스,취나물표고영양밥,아욱우렁된장국,소고기육전,오이나물,나박김치
밤밥,달래된장국,두부달걀찜,애호박볶음,배추김치,empty,S오렌지주스,방울토마토새우볶음밥,유부실파국,완자전,고구마맛탕,깍두기,empty,S수제딸기우유,완두콩밥,버섯찌개,순살간장닭갈비,우엉잡채,열무물김치
쌀밥(30),팥죽,돼지고기장조림(안심),콩나물무침,배추김치,S치즈,empty,찹쌀밥,감자수제비국,훈제오리단호박찜,양상추샐러드(레몬드레싱),나박김치,empty,S바나나(100g),쌀밥,김치두부찌개,크래미채소볶음,취나물무침,총각김치
콩밥,실파달걀국,닭감자고구마조림,가지나물무침,깍두기,S사과(50g),empty,율무밥,버섯개장,훈제오리채소볶음,도라지무침,배추김치,empty,S수제딸기우유,찹쌀팥밥,유부김치국,주꾸미볶음,깻잎들깨나물,깍두기
찹쌀밥,머위들깨국,달걀프라이,브로콜리두부무침,배추김치,empty,S우유(100ml),찹쌀현미밥,김치양파국,임연수유자소스조림,오이쌈장무침,나박김치,S머핀,S오렌지주스,해물볶음밥,느타리버섯국,오징어링튀김,콘샐러드,배추김치
찹쌀밥,애호박국,두부양념조림,감자채볶음,콜라비나박김치,empty,S우유미숫가루,김치영양밥,달걀파국,녹두전,참나물볶음,깍두기,S과일샐러드(마요네즈),S요구르트,찹쌀밥,조갯살된장찌개,순살간장닭갈비,콩나물김무침,배추김치
팥밥,콩나물국,(저염)소고기호두조림,깻잎새콤무침,배추김치,S파인애플(50g),S우유(100ml),찹쌀밥(추가),황태미역국,미트볼피망조림,느타리버섯나물,깍두기,S연두부샐러드(오리엔탈드레싱),empty,새우파래볶음밥,우동국물,치킨너겟+머스타드소스,마카로니샐러드,배추김치
수수밥,느타리버섯국,소고기청경채볶음,브로콜리무침,배추김치,S바나나(50g),empty,콩밥,김치유부맑은국,등심돈까스+소스,콘샐러드,깍두기,empty,S수제블루베리바나나우유,새우크림스파게티,맑은장국,소떡소떡,양상추요거트샐러드,오이피클
율무밥,감자된장국,소고기사태장조림,콩나물무침,배추김치,S당근스프,empty,마파두부밥,맑은가쓰오부시장국,닭살버터구이,코울슬로,배추김치,empty,S사과샐러드(마요네즈),밤밥,버섯개장,북어채소찜,무말랭이,백김치
팥밥,만두국,토마토달걀볶음,콩나물무침,배추김치,empty,S사과(50g),해물우동볶음,우동국물,치킨까스,파인콘샐러드,깍두기,S우유(100ml),empty,찹쌀밥,두부탕국,주꾸미채소간장볶음,오이무침,배추김치
찹쌀밥,황태채맑은국,햄달걀말이,오이무침,배추김치,S블루베리(50g),S떠먹는요구르트(100ml),율무밥,단호박새우젓국,삼치간장조림,버섯채소볶음,배추김치,S무지개떡,S오렌지주스,찹쌀팥밥,안매운닭개장,오징어무침,파래자반,배추김치
수수밥,참치무국,두부조림,김구이,배추김치,S키위(50g),empty,열무보리간장비빔밥,감자국,어묵구이+케첩,파프리카스틱,배추김치,S우유(100ml),empty,쌀밥,건새우된장국,돼지목살구이,애호박콩가루볶음,깍두기
쌀밥,김치맑은국,삼색달걀찜,부추전,깍두기,S떠먹는요구르트(100ml),empty,청포묵비빔밥,버섯맑은국,오징어숙회+유자소스,단호박구이,나박김치,S백설기,S식혜,찹쌀밥,닭살숙주국,돼지고기데리야끼조림,상추사과초무침,열무김치
쌀밥,바지락국,(저염)닭가슴살단호박조림,양상추샐러드(키위드레싱),백김치,empty,S수제블루베리바나나우유,과일카레라이스,맑은가쓰오부시장국,새우튀김,empty,깍두기,S인절미,S유자차,찹쌀보리밥,김치두부국,주꾸미채소볶음,세발나물,깍두기
찹쌀밥,매생이두부국,동태무조림,연근흑임자샐러드,백김치,empty,S우유(100ml),오이비빔국수,팽이장국,닭살카레튀김,과일샐러드(요거트드레싱),배추김치,S치즈스틱,S단호박식혜,찹쌀밥,표고버섯탕,떡갈비피망조림,콩나물냉채,나박김치
콩밥,감자국,달걀간장조림,해물부추전,배추김치,empty,S떠먹는요구르트(100ml),매생이수제비,empty,가래떡김치전,호두견과조림,깍두기,S쌀과자,S포도주스,팥밥,떡만두국,오리훈제구이(머스타드소스),숙주초무침,배추김치
수수밥,배추당면국,미트볼토마토소스조림,애호박건새우볶음,백김치,S참외(100g),empty,소고기가지덮밥,미니유부우동,감자버터구이,양상추샐러드(키위드레싱),나박김치,empty,S우유(100ml),찹쌀팥밥,황태미역국,오삼불고기,팽이버섯나물,깍두기
콩밥,무채양파국,코다리엿장조림,고구마순들깨나물,배추김치,S토마토(200g),empty,치킨마요덮밥,감자채맑은국,후르츠탕수육,마카로니샐러드,단무지,empty,S수제바나나우유,완두콩밥,재첩국,닭살카레조림,김자반,열무김치
쌀밥(30),팥죽,두부달걀부침,부추양파생채,배추김치,empty,S바나나(50g),방울토마토새우볶음밥,실파장국,치킨너겟+소스,양상추샐러드(키위드레싱),깍두기,S머핀,S요구르트,밤콩밥,만두국,낙지채소볶음,얼갈이나물,깍두기
찹쌀현미밥,두부곤약탕국,콘달걀찜,오징어브로콜리숙회,배추김치,S귤(80g),S쌀음료,소고기오므라이스,크림스프,비엔나케첩조림,감자건포도샐러드,배추김치,empty,S우유(100ml),찹쌀팥밥,조갯살된장국,삼치살무조림,버섯들깨나물,나박김치
찹쌀밥,온도토리묵국,소고기채굴소스볶음,오이파프리카무침,총각김치,S치즈,empty,짜장밥,유부실파국,달걀프라이,양배추샐러드(사우전아일랜드드레싱),깍두기,empty,S수제바나나우유,옥수수밥,김치두부국,갈치조림,콩나물찜,열무물김치
팥밥,두부대합탕국,미트볼토마토소스조림,팽이버섯나물,나박김치,S과일샐러드(마요네즈),empty,쌀밥,새송이버섯국,닭날개북어찜,근대나물,배추김치,empty,S우유(100ml),밤콩밥,단호박수제비국,소고기청경채볶음,애호박나물,배추김치
밤콩밥,감자된장국,새우살채소볶음,더덕사과무침,깍두기,S귤(80g),empty,소고기비빔밥,두부대합탕국,깻잎동태포전,파프리카유자청무침,깍두기,empty,S수제바나나우유,율무밥,표고버섯탕,(저염)닭가슴살단호박조림,가지나물무침,나박김치
흑미밥,맑은꽃게탕,돼지고기곤약조림,가지양념무침,배추김치,S거봉(100g),empty,소고기파인애플볶음밥,유부실파국,피망참치전,연근흑임자샐러드,동치미,S머핀,S우유(100ml),수수밥,모듬버섯찌개,닭가슴살구이+소스,애호박건새우볶음,배추김치
옥수수밥,단호박무국,미트볼구이,시금치김무침,배추김치,empty,S바나나(50g),돼지고기잡채덮밥,버섯된장국,어묵구이+케첩,콩나물무침,배추김치,empty,S우유(100ml),찹쌀밥,얼갈이배추국,(고춧가루제외)갈치조림,고구마순된장무침,나박김치
찹쌀밥,으깬두부된장국,명란달걀찜,애호박콩가루볶음,배추김치,S수박(100g),empty,장조림버터비빔밥,미니유부우동,물만두+간장,콘샐러드,깍두기,S송편,S우유(100ml),수수밥,소고기우거지국,삼치유자청구이,숙주미나리나물,배추김치
찹쌀밥,건새우맑은국,카레두부버섯전,참나물유자청무침,나박김치,S수박(100g),empty,깐풍돼지고기덮밥,실파김국,콘달걀찜,양상추샐러드(사우전아일랜드드레싱),깍두기,S우유(100ml),empty,옥수수밥,소고기당면국,주꾸미채소간장볶음,애호박나물,배추김치
브로콜리채소볶음밥,다시마양파국,참치달걀말이,오이양배추무침,깍두기,S치즈,empty,팥밥,연두부청경채새우탕,애호박소고기찜,우엉채곤약조림,배추김치,S과일샐러드,empty,밤찹쌀팥밥,된장찌개,고등어김치조림,애호박건새우볶음,배추김치
고구마밥,미역냉국,임연수무조림,참나물배겉절이,배추김치,empty,S수제블루베리우유,크림소스스파게티,맑은장국,단호박찜,닭가슴살샐러드(머스타드소스),비트초절이,empty,S수박(100g),찹쌀밥,감자옹심이국,오삼불고기,애호박나물,배추김치
옥수수밥,김치맑은국,소고기잡채,콩나물무침,깍두기,empty,S우유(100ml),연두부된장덮밥,느타리버섯국,만두탕수,양배추샐러드(레몬드레싱),배추김치,S수제멸치과자,S오렌지주스(무가당),율무밥,안매운닭개장,삼겹단호박찜,참나물간장무침,나박김치
찹쌀밥,단배추된장국,치즈스크램블에그,고구마순나물,깍두기,S우유(100ml),empty,새우카레볶음밥,맑은바지락탕,햄알감자버터구이,오이샐러드,깍두기,S쌀과자,S단호박식혜,수수밥,모듬버섯찌개,너비아니채소볶음,도라지무침,배추김치
쌀밥,두부찌개,(저당)닭갈비,(고춧가루제외)오이무침,열무물김치,S사과(50g),S떠먹는요구르트(100ml),소보로덮밥,맑은김치어묵국,튀김만두+초간장,토마토채소샐러드,깍두기,empty,S식혜,찹쌀밥,소고기팽이버섯국,단호박해물찜,배무생채,나박김치
쌀밥,참치무국,떡갈비간장조림,고구마순된장무침,총각김치,empty,S수제블루베리우유,닭살채소볶음밥,미니메밀국수,군만두,오이샐러드,나박김치,S오렌지(50g),empty,율무밥,팽이버섯달걀탕,주꾸미채소간장볶음,시금치나물,배추김치
흑미밥,모듬어묵탕,치즈스크램블에그,돌나물흑임자샐러드,배추김치,S참깨우유스프,empty,쌀밥(30),매생이수제비국,삼치살데리야끼조림,콩나물잡채,배추김치,empty,S수제딸기우유,팥밥,단호박새우젓국,순살간장닭갈비,브로콜리초무침,배추김치
소고기주먹밥,단배추된장국,우유달걀찜,양배추샐러드(참깨드레싱),깍두기,S파인애플(50g),empty,현미밥,북어채무국,토마토소스닭조림,치커리겉절이,배추김치,S우유미숫가루,empty,잡곡밥,김치국,소고기숙주볶음,다시마채무침,깍두기
찹쌀밥,버섯당면국,소불고기,도라지나물,배추김치,empty,S우유(100ml),유부불고기덮밥,감자된장국,게맛살튀김,양상추샐러드(사우전아일랜드드레싱),깍두기,empty,S바나나(50g),수수밥,콩가루배추국,돼지고기떡갈비구이,우엉채곤약조림,깍두기
고구마밥,돼지고기된장찌개,고등어살카레구이,건새우애호박볶음,배추김치,S치즈,empty,오징어굴소스볶음밥,미니우동,닭살채소볶음,콘샐러드(올리브유드레싱),깍두기,S오렌지(50g),empty,밤밥,모듬버섯찌개,낙지채소볶음,당근숙주나물,배추김치
찹쌀밥,팽이버섯맑은국,게맛살파프리카볶음,미역줄기볶음,배추김치,S사과(50g),empty,시래기영양밥+양념장,호박맑은국,주꾸미채소간장볶음,파프리카유자청무침,깍두기,S우유(100ml),empty,옥수수밥(30),순두부찌개,어묵감자조림,가지나물,깍두기
찹쌀밥(추가),조랭이떡미역국,삼색채소달걀찜,우엉채곤약조림,오이소박이김치,S사과(35g),S떠먹는요구르트(100ml),소고기가지덮밥,다시마감자국,애호박전,empty,배추김치,S우유(100ml),S바나나(50g),고구마밥(40),만두국,가자미무조림,느타리버섯나물,배추김치
팥밥(30),미역만두국,건새우애호박볶음,얼갈이나물,깍두기,S블루베리(50g),S떠먹는요구르트(100ml),닭살카레감자밥+양념장,냉콩나물국,어묵강정,empty,깍두기,S우유(100ml),S백설기,밤콩밥,두부전골,오징어김치전,팽이버섯부추나물,열무물김치
찹쌀밥(추가),다슬기된장국,고구마순된장무침,닭살채소볶음,배추김치,S바나나(50g),S요구르트,일본식소고기덮밥(규동),애호박맑은국,후르츠탕수육,empty,배추김치,S식혜,S감말랭이,수수밥(30),만두국,햄달걀말이,느타리버섯나물,배추김치
팥밥(30),가자미미역국,애호박건새우볶음,냉이된장무침,나박김치,S달걀당근죽,empty,소고기가지덮밥,미소된장국,춘권튀김,empty,깍두기,S우유(100ml),S단호박찜,밤콩밥,두부전골,새우볼조림,감자채피망볶음,배추김치
찹쌀보리밥(30),냉이된장국,스크램블에그,숙주맛살무침,배추김치,S방울토마토(35g),S요구르트,치킨마요덮밥,미역장국,유자고구마맛탕,empty,배추김치,S우유(100ml),S단팥빵,옥수수밥,대파무채국,감자돼지갈비찜,얼갈이무침,깍두기
찹쌀밥,미역국,두부채소굴소스볶음,애호박나물,배추김치,empty,S우유(100ml),돼지고기양배추덮밥,느타리버섯국,비빔만두,empty,깍두기,S오렌지주스,S송편,옥수수밥(30),닭개장,새우살들깨무침,콩나물무침,배추김치
찹쌀밥(추가),조갯살된장찌개,김달걀말이,느타리버섯나물,배추김치,empty,S우유(100ml),찹쌀팥밥,만두국,생선까스+타르타르소스,마카로니채소샐러드,깍두기,S오렌지주스,S건포도감자볼,팥밥(30),모듬버섯찌개,미트볼피망조림,미역매실청무침,배추김치
콩밥(40),조랭이떡미역국,채소달걀찜,고구마순된장무침,나박김치,S사과(50g),empty,일본식소고기덮밥(규동),느타리버섯국,튀김만두+초간장,empty,배추김치,S우유(100ml),S꿀떡,찹쌀밥,두부전골,닭살데리야끼조림,가지양념무침,깍두기
찹쌀밥(추가),만두국,두부조림,가지나물,배추김치,empty,S미숫가루,소고기가지덮밥,배추당면국,단호박견과류샐러드,empty,깍두기,S오렌지주스,S고로케,팥밥(30),감자탕,새우탕수,도토리묵무침,배추김치
옥수수밥(30),매생이국,새우살달걀찜,고구마순된장무침,배추김치,S딸기(100g),S요구르트,돼지고기양배추덮밥,호박맑은국,맛살구이,empty,배추김치,S단호박식혜,S찐고구마,찹쌀밥,바지락살순두부국,소시지브로콜리볶음,콩나물무침,깍두기
찹쌀밥(추가),콩가루열무된장국,햄참치채소전,당근숙주나물,배추김치,S바나나(100g),empty,일본식소고기덮밥(규동),늙은호박국,모듬버섯전,사과샐러드,깍두기,S우유(100ml),S소보로빵,율무밥(40),만두국,두부잡채,오이유자청무침,배추김치
옥수수밥(30),시래기된장국,북어채무침,고구마순나물,깍두기,S블루베리(50g),S떠먹는요구르트(100ml),돼지고기양배추덮밥,느타리버섯국,어묵떡볶이,empty,깍두기,S식혜,S고구마샐러드(마요네즈),찹쌀밥,두부전골,주꾸미채소간장볶음,콩나물무침,배추김치
밤찹쌀팥밥(30),감자채맑은국,팽이버섯달걀전,브로콜리된장무침,배추김치,empty,S우유(100ml),돼지고기카레라이스,실파콩나물국,마카로니채소샐러드(마요네즈),empty,깍두기,S미니핫도그,S오렌지주스,고구마밥,안매운김치국,닭다리살장조림,크래미숙주나물무침,나박김치
옥수수밥(30),맑은꽃게탕,두부찹쌀구이,세발나물된장무침,배추김치,S딸기(100g),S요구르트,닭살채소볶음밥,들깨채소국,떡범벅,empty,배추김치,S치즈스틱,S포도주스,찹쌀밥,버섯개장,소고기잡채,배추겉절이,깍두기
찹쌀현미밥(40),애호박새우젓국,으깬두부채소전,배추나물,깍두기,S포도(100g),empty,돼지고기양배추덮밥,미역장국,브로콜리오징어무침,empty,깍두기,S밤식빵,S우유(100ml),율무밥,맑은꽃게탕,소고기버섯불고기,상추배생채,배추김치
옥수수밥(30),만두국,깻잎멸치찜,가지나물,배추김치,S사과(50g),empty,소고기김주먹밥,미니우동,오징어단무지무침,empty,배추김치,S찐고구마,S우유(100ml),찹쌀밥,모듬어묵탕,피망참치전,콩나물무침,배추김치
쌀밥,맑은애호박국,메추리알고구마조림,취나물된장무침,오이소박이김치,S감말랭이,S포도주스,흑미밥,부추새우맑은국,순살간장닭갈비,양배추샐러드(딸기드레싱),깍두기,empty,S우유미숫가루,찹쌀밥,어묵맑은국,장산적조림,얼갈이나물,배추김치
쌀밥(30),두부맑은국,북어찜,고구마순된장무침,단배추물김치,S방울토마토(35g),S떠먹는요구르트(100ml),일본식소고기덮밥(규동),느타리버섯국,떡볶이,empty,깍두기,S삶은고구마,S우유(100ml),찹쌀밥,옥수수스프,새우까스,양배추샐러드,깍두기
팥밥(30),애호박맑은국,조기구이,배추된장무침,나박김치,S사과(50g),empty,소고기가지덮밥,버섯맑은국,브로콜리오징어무침,empty,깍두기,S가래떡구이,S우유(100ml),밤콩밥,만두국,두부두루치기,숙주초무침,배추김치
밤찹쌀팥밥(30),배추들깨국,팽이버섯달걀전,브로콜리된장무침,깍두기,S수제바나나우유,empty,돼지고기카레라이스,실파맑은국,마카로니채소샐러드(마요네즈),empty,깍두기,S송편,S오렌지주스,고구마밥,온청포묵국,새우살케첩볶음,양배추오이무침,깍두기
쌀밥(추가),감자된장국,단호박달걀찜,아욱나물무침,총각김치,S사과(50g),empty,찹쌀밥,매생이홍합국,소고기떡찜,콩나물무침,배추김치,S증편,S유자차,팥밥(30),버섯개장,연두부+양념장,돌나물흑임자샐러드,열무김치
찹쌀밥(추가),맑은미역국,돼지고기곤약조림,애호박콩가루볶음,백김치,S바나나(50g),empty,현미찹쌀밥,해물탕,두부함박스테이크,치커리유자청무침,깍두기,S우유(100ml),empty,고구마밥(30),수제비국,닭다리살소스조림,배오이생채,배추김치
팥밥(30),호박맑은국,새우살연근조림,미역줄기볶음,배추김치,S바나나(50g),empty,일본식소고기덮밥(규동),느타리버섯국,콘채소전,empty,깍두기,S고구마맛탕,S우유(100ml),밤콩밥,감자양파국,삼겹살김치볶음,배무생채,열무물김치
율무밥(30),애호박새우젓국찌개,달걀간장조림,팽이버섯나물,나박김치,S사과(50g),empty,소고기채소볶음밥,콩나물국,녹두전,empty,배추김치,S고구마맛탕,S우유(100ml),찹쌀팥밥,가자미미역국,두부부침+양념장,꼬마새송이버섯볶음,배추김치
찹쌀밥(추가),만두국,애호박버섯볶음,아몬드잔멸치조림,배추김치,empty,S우유(100ml),두부카레라이스,콩가루쑥국,옥수수치즈전,과일샐러드(요거트드레싱),깍두기,S채소찐빵,S오렌지주스,팥밥(30),차돌순두부백탕,아욱건새우전,empty,배추김치
옥수수밥(30),새송이버섯국,달걀치즈말이,가지양념찜,배추김치,empty,S우유(100ml),닭살카레감자밥+양념장,맑은장국,모듬과일샐러드,empty,배추김치,S온도토리묵국,S매실차,찹쌀밥,만두국,주꾸미채소간장볶음,배추된장무침,깍두기
고구마밥(40),모듬어묵국,두부양념조림,애호박볶음,배추김치,empty,S우유(100ml),돼지고기카레볶음밥,다시마채국,마카로니콘샐러드,empty,깍두기,S약과,S단호박식혜,율무밥,사골파국,오징어실채무침,버섯달걀볶음,깍두기
수수밥(30),청경채맑은국,달걀말이,들깨무나물,배추김치,S키위(50g),empty,소고기주먹밥,두부미소장국,채소튀김(감자),empty,깍두기,empty,S우유미숫가루,잡곡밥,다시마새우젓국,굴비구이,오이무침,깍두기
옥수수밥(30),애호박젓국찌개,어묵피망조림,고구마순된장무침,배추김치,S멜론(50g),empty,오므라이스,느타리버섯국,새우튀김,empty,배추김치,S밤설기,S우유(100ml),찹쌀밥,두부전골,파래전,맛살무침,배추김치
찹쌀밥(추가),미역국,참치채소볶음,숙주나물,배추김치,S치즈,empty,돼지고기양배추덮밥,김치두부국,마카로니채소샐러드(마요네즈),empty,깍두기,S건포도감자볼,S매실주스,팥밥(30),닭개장,둥근어묵무조림,오이무침,열무김치
흑미밥(40),두부감자국,메추리알곤약조림,미역매실청무침,배추김치,S머핀,S오렌지주스(무가당),소고기김주먹밥,미소장국,새우튀김,empty,깍두기,S백설기,S우유(100ml),밤콩밥,낙지연포탕,팽이버섯달걀전,양배추나물,깍두기
옥수수밥(30),순두부국,단배추멸치조림,애호박볶음,나박김치,S사과(50g),empty,돼지고기양배추덮밥,느타리버섯국,채소크로켓,empty,깍두기,S건포도감자볼,S우유(100ml),찹쌀밥,달걀국,비엔나브로콜리꼬지,당근숙주나물,총각김치
쌀밥(30),조랭이떡미역국,간장두부조림,느타리버섯나물,배추김치,empty,S떠먹는요구르트(100ml),닭살카레감자밥+양념장,달걀파국,양배추샐러드(사우전아일랜드드레싱),empty,깍두기,S밤설기,S포도주스,찹쌀팥밥,만두국,둥근어묵무조림,콩나물무침,배추김치
수수밥(30),만두국,견과두부조림,감자채볶음,배추김치,S배(50g),empty,소고기가지덮밥,애호박맑은국,검은깨고구마맛탕,empty,깍두기,S흑임자떡,S우유(100ml),밤콩밥,모듬버섯찌개,매생이육전,콩나물냉채,배추김치
옥수수밥(30),맑은미역국,가자미무조림,고구마순된장무침,배추김치,S사과(50g),S떠먹는요구르트(100ml),돼지고기짜장밥,달걀파국,찐만두,empty,깍두기,S마들렌,S우유(100ml),찹쌀밥,들깨버섯국,미니돈까스,양상추유자청샐러드,배추김치
밤콩밥(30),매생이두부국,달걀찜(30g),우엉채곤약조림,배추김치,S바나나(50g),empty,돼지고기양배추덮밥,대합국,아욱건새우전,empty,깍두기,S찹쌀도너츠,S우유(100ml),율무밥,실파콩나물국,간장찜닭,오이청경채무침,깍두기
팥밥(40),갈은북어국,간장두부조림,느타리버섯나물,배추김치,S거봉(100g),empty,닭가슴살파프리카볶음밥,실파김국,감자고로케,empty,깍두기,S치즈스틱,S요구르트,찹쌀밥,무된장국,연어구이+타르타르소스,양상추샐러드(오리엔탈드레싱),비트초절이
찹쌀밥(추가),만두국,소고기메추리알장조림,팽이버섯나물,비트초절이,S방울토마토(35g),empty,햄채소볶음밥,실파달걀국,단호박견과류샐러드,empty,깍두기,S송편,S우유(100ml),수수밥(30),조랭이떡미역국,고등어살카레구이,시금치나물,깍두기
옥수수밥(30),느타리버섯국,닭가슴살파프리카볶음,달래무침,나박김치,S당근스틱,S식혜,돼지고기양배추덮밥,곤약어묵국,콩나물무침,empty,깍두기,S블루베리(50g),S떠먹는요구르트(100ml),찹쌀밥,쑥된장국,(고춧가루제외)갈치조림,애호박볶음,배추김치
밤콩밥(30),아욱맑은국,가자미조림,(고춧가루제외)부추사과무침,배추김치,S블루베리(50g),empty,토마토새우볶음밥,미역장국,닭가슴살샐러드(머스타드소스),empty,깍두기,S딸기쨈식빵,S우유(100ml),찹쌀밥(추가),김치두부국,닭떡간장조림,애호박볶음,깍두기
팥밥(30),느타리버섯국,깻잎달걀말이,애호박건새우볶음,배추김치,S늙은호박죽,empty,마파두부덮밥,맑은양배추국,채소맛살전,empty,깍두기,S머핀,S수제블루베리우유,밤콩밥,팽이버섯맑은국,갈치구이,단배추나물,동치미
수수밥,근대맑은국,두부조림,숙주나물김무침,배추김치,S딸기(100g),S우유(100ml),닭살옥수수볶음밥,대파감자국,만두탕수,empty,깍두기,S꿀떡,S우유미숫가루,찹쌀밥,청국장찌개,주꾸미채소간장볶음,가지나물,나박김치
밤콩밥(30),애호박새우젓국,팽이버섯달걀전,고구마순된장무침,배추김치,S블루베리(50g),S떠먹는요구르트(100ml),미트볼스파게티,맑은장국,치킨까스+소스,코울슬로,오이피클,S단호박설기,S오렌지주스,율무밥,무채국,순살가자미찜,깻잎감자전,나박김치
찹쌀밥(추가),맑은애호박국,달걀말이,참나물볶음,백김치,S방울토마토(35g),empty,베이컨채소볶음밥,두부미역장국,마카로니채소샐러드(토마토소스),empty,깍두기,S무지개떡,S망고주스,현미밥(30),동태살무국,동그랑땡전,아욱나물무침,열무물김치
수수밥(30),순두부찌개,우엉어묵조림,건새우애호박볶음,배추김치,S단호박크림스프,empty,짜장라이스,달걀파국,레몬소스탕수육,empty,깍두기,S과일샐러드(요거트드레싱),empty,밤콩밥,모듬버섯찌개,임연수살구이,깻잎새콤무침,나박김치
쌀밥,느타리버섯맑은국,브로콜리새우볶음,가지양념찜,배추김치,S자두(50g),S떠먹는요구르트(100ml),찹쌀밥,닭곰탕,맛살꼬지전,도토리묵상추무침,깍두기,S감자샐러드,S우유(100ml),옥수수밥(30),조갯살아욱국,떡갈비간장조림,시금치나물,백김치
팥밥(40),만두국,아몬드잔멸치볶음,우엉채조림,배추김치,S수제바나나우유,empty,파인애플새우볶음밥,아욱된장국,김말이튀김,empty,배추김치,S궁중떡볶이,S요구르트,율무밥,건새우시금치국,삼치유자청구이,가지나물무침,깍두기
밤밥,무들깨국,크래미채소볶음,새송이버섯나물,나박김치,S방울토마토(35g),S떠먹는요구르트(100ml),참치주먹밥,미역장국,비빔만두,empty,깍두기,S샌드위치,S우유(100ml),완두콩밥,감자수제비국,순살간장닭갈비,애호박볶음,배추김치
옥수수밥(30),감자호박국,주꾸미채소간장볶음,느타리버섯나물,배추김치,S바나나(50g),empty,콩나물밥+양념장,배추된장국,닭가슴살채소말이조림,empty,깍두기,S소보로빵,S우유(100ml),찹쌀밥,북어김치국,소고기폭찹,도토리묵상추무침,배추김치
팥밥(30),건새우된장국,두부채소굴소스볶음,고구마줄기볶음,배추김치,S바나나(50g),empty,김치참치볶음밥,온청포묵국,튀김만두+초간장,empty,깍두기,S약식,S우유미숫가루,율무밥,동태살국,돼지고기부추잡채,새송이버섯나물,나박김치
완두콩밥(40),부추된장국,팽이버섯달걀전,견과류시금치무침,배추김치,S단팥죽,empty,방울토마토새우볶음밥,애호박양파국,닭가슴살튀김,empty,깍두기,S멜론(50g),S우유(100ml),찹쌀밥,감자옹심이국,소불고기,돌나물오이무침,배추김치
찹쌀밥(추가),만두국,두부간장조림,느타리버섯나물,배추김치,S방울토마토(35g),empty,참치새싹비빔밥,배추된장국,게맛살크로켓,empty,깍두기,S우유(100ml),empty,수수밥(30),조랭이떡미역국,너비아니구이,가지들깨나물,오이소박이김치
찹쌀밥(30),건새우콩나물국,감자어묵조림,느타리버섯당근볶음,배추김치,S단호박죽,empty,깍두기치즈볶음밥,실파달걀국,닭살카레튀김,empty,열무물김치,S사과(50g),S우유(100ml),현미밥,굴미역국,분홍소시지전,깻잎순나물,배추김치
보리밥(30),시래기된장국,녹두전,삼색나물(고사리),나박김치,S오렌지(50g),empty,옥수수밥,당근스프,등심돈까스+소스,마카로니채소샐러드,깍두기,S롤빵,S우유(100ml),율무밥,애호박국,유산슬,김자반,깍두기
찹쌀밥(추가),맑은순두부국,소고기감자조림,비름나물,배추김치,S멜론퓨레,S치즈,양배추소시지덮밥,느타리버섯국,유자청두부샐러드,empty,깍두기,S수제비,empty,수수밥(30),콩나물육개장,새우파프리카볶음,애호박나물,배추김치
옥수수밥(30),볼어묵국,애호박볶음,다시마감자채전,열무김치,S사과(50g),empty,크림리조또,미소장국,치킨까스,양상추샐러드(오리엔탈드레싱),비트초절이,S쑥떡,S우유(100ml),찹쌀밥,순한김치두부국,김달걀말이,새송이버섯나물,나박김치
잡곡밥,두부맑은된장국,조기구이,미나리숙주나물,배추김치,S딸기(100g),empty,새우부추볶음밥,들깨버섯국,닭다리케첩조림,empty,깍두기,S모카빵,S우유(100ml),율무밥,콩나물국,훈제오리숙주볶음,파프리카사과초무침,배추김치
고구마밥(30),만두국,버섯애호박조림,시금치나물,배추김치,S사과(50g),empty,채소비빔밥,무들깨국,닭살찹스테이크,empty,배추김치,S도너츠,S우유(100ml),찹쌀밥(추가),동태살쑥갓국,두부강정,팽이버섯나물,배추김치
옥수수밥(40),들깨미역국,두부양념조림,브로콜리애느타리무침,배추김치,S수제딸기우유,empty,시금치소고기덮밥,유부팽이국,옥수수치즈전,empty,깍두기,S머핀,S요구르트,찹쌀밥,맑은동태찌개,미트볼토마토소스조림,봄동나물,배추김치
밤콩밥(30),느타리버섯국,삼치무간장조림,시래기들깨나물,나박김치,S치즈,empty,불고기채소비빔밥,미역오이냉국,해물부추전,empty,배추김치,S단호박떡케익,S망고주스,율무밥,두부전골,돼지고기양송이장조림,양배추나물,동치미
완두콩밥,콩비지맑은국,맛살스크램블에그,표고버섯무나물,백김치,S오이당근스틱,empty,짜장참치볶음밥,실파미소장국,파인애플탕수육+소스,empty,깍두기,S채소찐빵,S우유(100ml),완두콩밥,바지락된장국,순살간장닭갈비,연근흑임자샐러드,배추김치
쌀밥(30),떡국,아몬드잔멸치조림,시래기볶음나물,나박김치,S사과(50g),empty,찹쌀닭백숙,empty,새우살연근조림,돌나물흑임자샐러드,깍두기,S모닝빵+딸기잼,S우유(100ml),찹쌀밥,목살김치국,오징어숙회,가지양념찜,깍두기
쌀밥(추가),버섯무국,소고기모듬장조림,삼색감자채볶음,배추김치,S바나나(50g),empty,잡곡밥,낙지연포탕,청경채불고기,치커리겉절이,배추김치,S연두부샐러드(오리엔탈드레싱),S우유(100ml),현미밥(40),감자탕,가자미양념찜,배추전,깍두기
쌀밥(30),떡만두국,애호박새우젓볶음,검정콩조림,배추김치,S오렌지(50g),empty,파프리카유부초밥,미니우동,순살닭강정,empty,깍두기,S꿀떡,S우유(100ml),수수밥,맑은배추국,궁중떡볶이,돌나물유자청무침,깍두기
찹쌀밥,대합미역국,두부데리야끼조림,팽이버섯나물,배추김치,S치즈,empty,삼선짜장밥,버섯달걀탕,(가공)만두튀김,empty,깍두기,S찐감자,S오렌지주스,팥밥,건새우된장국,소고기피망볶음,곤드레나물,비트초절이
쌀밥,(소고기제외)당면양배추국,(저염·저당)소고기장조림,건파래무침,나박김치,S거봉(100g),empty,곤드레콩나물밥+양념장,무된장국,간장닭강정,empty,배추김치,S백설기,S우유(100ml),밤콩밥,바지락부추국,주꾸미채소간장볶음,우엉채곤약조림,오이소박이김치
옥수수밥(30),배추당면국,코다리조림,느타리버섯나물,나박김치,S우유(100ml),empty,참치가지볶음밥,미역장국,후라이드치킨,empty,배추김치,S감자샐러드,S망고주스,찹쌀밥,안매운육개장,두부양념구이,애호박볶음,배추김치
흑미밥(40),들깨감자국,굴비구이,양배추나물,깍두기,S우유(100ml),empty,찹쌀팥밥,꼬막된장찌개,훈제오리구이+무쌈,브로콜리숙회(흑임자소스),배추김치,S늙은호박죽,S포도주스,팥밥(40),도토리묵냉국,돼지고기스테이크조림,얼갈이무침,나박김치
옥수수밥(30),김치유부맑은국,달걀새송이장조림,동초무침,나박김치,S떠먹는요구르트(100ml),empty,찹쌀밥,대합미역국,치즈등심돈까스,마카로니채소샐러드(마요네즈),깍두기,S무지개떡,S보리차,쌀밥(추가),버섯개장,흰살생선전,비름나물,배추김치
찹쌀밥(30),두부김치국,삼색채소달걀찜,들깨무나물,열무물김치,S토마토주스,empty,돼지고기채소덮밥,단배추된장국,연근강정,empty,깍두기,S단호박꿀찜,S우유(100ml),잡곡밥,올갱이된장국,닭떡간장조림,콩나물무침,배추김치
잡곡밥(30),감자채맑은국,순살된장닭볶음,당근숙주나물,열무물김치,S수제바나나우유,empty,찹쌀밥(추가),백짬뽕국,너비아니채소볶음,얼갈이무침,깍두기,S삶은달걀(50g),S망고주스,찹쌀팥밥,안매운부대찌개,피망참치전,고구마줄기볶음,배추김치
쌀밥(30),두부대합탕국,피망어묵볶음,느타리버섯나물,배추김치,S우유(100ml),empty,카레라이스,달걀파국,후르츠탕수육,양배추샐러드(사우전아일랜드드레싱),깍두기,S송편,S오렌지주스,밤콩밥,북어미역국,소고기양송이볶음,미나리숙주나물,배추김치
옥수수밥(30),사골파국,건새우두부조림,가지양념찜,깍두기,S떠먹는요구르트(100ml),empty,잔치국수,empty,(수제)떡갈비구이,양상추유자청샐러드,깍두기,S슈크림빵,S망고주스,찹쌀밥,미역국,조기구이,감자채볶음,배추김치
수수밥(40),맑은배추국,참치파프리카볶음,무나물,단배추물김치,S오렌지(50g),empty,열무비빔밥,두부된장찌개,소불고기(등심),empty,배추김치,S찐고구마,S수제블루베리우유,팥밥(40),모듬버섯찌개,새우살케첩볶음,무미역생채,배추김치
수수밥(30),모시조개국,어묵채소볶음,얼갈이나물,배추김치,empty,S떠먹는요구르트(100ml),하이라이스,단호박된장국,비빔만두,empty,깍두기,S오색롤샌드위치,S망고주스,현미밥,김치맑은국,삼치살데리야끼조림,연근감자전,깍두기
찹쌀밥(추가),맑은꽃게탕,땅콩두부조림,취나물된장무침,배추김치,S오렌지(50g),empty,대파달걀볶음밥,다시마무채국,닭살카레튀김,empty,배추김치,S고구마샐러드(마요네즈),S우유(100ml),팥밥(30),배추당면국,돼지목살구이,상추쌈,깍두기
수수밥(30),연두부게살스프,어묵파프리카볶음,깻잎순조림,배추김치,S사과(50g),empty,오징어굴소스볶음밥,무채국,두부강정,empty,배추김치,S밤식빵,S수제블루베리바나나우유,찹쌀밥(추가),애호박맑은국,영양찜닭,콩나물무침,깍두기
수수밥(30),동태살무국,김달걀말이,배추나물,나박김치,S떠먹는요구르트(100ml),empty,소고기잡채덮밥,다시마채국,춘권튀김,empty,깍두기,S단호박찜,S우유(100ml),옥수수밥(30),모듬버섯찌개,닭살카레조림,양배추마요무침,배추김치
밤콩밥(30),김치두부국,너비아니구이,참나물겉절이,단배추물김치,S검은콩우유(100ml),empty,소고기굴소스볶음밥,미니맛살우동,마카로니채소샐러드(마요네즈),empty,깍두기,S찐옥수수,S포도주스,현미밥,청국장국,주꾸미채소간장볶음,양배추나물,깍두기
팥밥(30),달걀쑥국,대구살조림,팽이버섯나물,배추김치,S치즈,empty,브로콜리채소볶음밥,무채국,새우까스+타르타르소스,empty,배추김치,S감자채요거트샐러드,S오렌지주스,찹쌀밥(추가),만두국,두부버섯스테이크,오이무침,배추김치
수수밥(40),숙주맑은국,명란달걀찜,팽이버섯볶음,나박김치,S아몬드,S떠먹는요구르트(100ml),찹쌀팥밥,양송이스프,치킨까스,콘샐러드,깍두기,S쑥설기,S단호박식혜,밤콩밥,무된장국,콩나물돼지불고기,파래무침,배추김치
팥밥(30),버섯부추국,애호박생선살찜,콩나물무침,나박김치,S바나나(50g),empty,파프리카유부초밥,미니김치우동,맛살전,empty,깍두기,S군고구마,S요구르트,찹쌀밥(추가),표고버섯탕,닭다리살장조림,무사과무침,배추김치
밤콩밥(40),콩나물국,메추리알곤약조림,근대나물무침,나박김치,S오이당근스틱,empty,찹쌀팥밥,양배추백짬뽕국,순살닭볶음탕,얼갈이배추겉절이,깍두기,S찐옥수수,S우유미숫가루,밤콩밥,버섯샤브샤브,봄동나물,감자부추전,배추김치
콩밥,탕국,참치달걀말이,오이무침,배추김치,S바나나(50g),S요구르트,고구마밥(30),갈비탕+당면,도토리묵무침,검은깨고구마맛탕,깍두기,S식빵토스트,S우유(100ml),쌀밥,미역국,(고춧가루제외)고등어조림,단배추나물,깍두기
팥밥(40),순두부국,스크램블에그,오이파프리카무침,나박김치,S사과(50g),empty,햄김치볶음밥,숙주당면국,어묵강정,empty,깍두기,S송편,S우유(100ml),찹쌀팥밥,느타리버섯국,가자미조림,브로콜리채소볶음,석박지
고구마밥(30),두부맑은국,새우살볶음,미역나물,백김치,S우유(100ml),empty,파프리카유부초밥,모듬어묵탕,찹쌀탕수육,empty,배추김치,S무지개떡,S식혜,찹쌀밥(추가),냉이된장국,닭다리살소스조림,양상추샐러드,나박김치
쌀밥(추가),단호박된장국,메추리알곤약조림,오이무침,나박김치,S팥죽,empty,닭살채소볶음밥,김치맑은국,소떡소떡,empty,깍두기,S바나나(50g),S미숫가루,밤콩밥(40),꽃게탕,두부채소전,브로콜리참깨무침,배추김치
찹쌀밥(추가),대합국,가자미살구이,고구마순된장무침,배추김치,S바나나(50g),empty,멸치주먹밥,미니우동,게맛살크로켓,empty,깍두기,S찐감자,S우유(100ml),수수밥(30),건새우콩나물국,미트볼피망조림,깻순나물,배추김치
수수밥(40),떡국,곤약김치무침,오이나물,깍두기,S우유(100ml),empty,소고기무밥+양념장,버섯부추국,떡볶이,empty,배추김치,S찐고구마,S오렌지주스,옥수수밥,두부전골,삼치조림,사과상추무침,백김치
수수밥(30),들깨탕,소고기파프리카볶음,봄동나물,나박김치,S수제바나나우유,empty,안매운마파두부덮밥,애호박맑은국,씻은김치전,empty,깍두기,S고구마경단,S망고주스,옥수수밥,대구살맑은국,차돌숙주볶음,도토리묵무침,배추김치
옥수수밥(30),미역만두국,닭가슴살호두조림,달래김무침,배추김치,S치즈,empty,일본식소고기덮밥(규동),느타리버섯국,새우튀김,empty,깍두기,S과일샐러드(요거트드레싱),empty,찹쌀밥,낙지연포탕,카레두부버섯전,연근흑임자샐러드,백김치
찹쌀밥(추가),두부탕국,새송이버섯새우살볶음,양배추샐러드(참깨드레싱),배추김치,S사과(50g),empty,현미찹쌀밥,낙지연포탕,돼지고기간장불고기,모듬채소겉절이,깍두기,S약과,S미숫가루,현미찹쌀밥,감자탕,애호박전,멸치조림,배추김치
고구마밥(30),바지락살순두부국,버섯애호박조림,브로콜리깨소스무침,배추김치,S바나나(100g),empty,취나물표고영양밥,들깨미역국,돼지고기장조림,empty,배추김치,S백설기,S단호박식혜,수수밥(30),쑥국,채소달걀말이,참나물배겉절이,깍두기
밤콩밥(30),온청포묵국,팽이버섯달걀전,가지나물,배추김치,S방울토마토(35g),empty,참치주먹밥,두부미역장국,만두탕수,empty,깍두기,S찐감자,S우유(100ml),찹쌀밥,만두닭개장,파래전,애호박나물,배추김치
찹쌀밥,감자맑은된장국,메추리알곤약조림,다시마채무침,배추김치,S치즈,empty,돼지고기김치비빔밥,콩나물국,감자고로케,empty,깍두기,S절편,S미숫가루,밤콩밥(40),재첩국,훈제오리구이,배무생채,배추김치
수수밥(30),순두부백탕,감자당근채볶음,견과류시금치무침,배추김치,S우유(100ml),empty,밤콩밥,대합전복미역국,훈제오리단호박찜,양상추샐러드(키위드레싱),배추김치,S송편,S식혜,쌀밥(추가),새송이버섯국,삼치쌈장조림,달걀찜(30g),깍두기
콩밥(40),새우젓국찌개,분홍소시지전,양배추나물,깍두기,S사과(50g),empty,게살볶음밥,달걀파국,군만두,empty,배추김치,S모닝빵+딸기잼,S우유(100ml),고구마밥,맑은동태찌개,떡갈비구이,상추달래겉절이,배추김치
옥수수밥(30),느타리버섯국,부추달걀볶음,우엉채곤약조림,나박김치,S복숭아(80g),empty,참치깻잎덮밥,미역된장국,어묵구이+케첩,empty,깍두기,S꿀호떡,S우유(100ml),찹쌀밥,김치맑은국,흰살생선전,취나물무침,깍두기
찹쌀밥(추가),조랭이떡미역국,북어찜,고구마순된장무침,나박김치,S바나나(50g),empty,돼지불고기덮밥,유부김치국,마카로니채소샐러드(마요네즈),empty,깍두기,S달걀토스트,S우유(100ml),팥밥(30),대구지리,닭날개간장조림,팽이버섯나물,배추김치
팥밥(30),순한김치두부국,달걀프라이,애호박건새우볶음,나박김치,S오렌지(50g),empty,브로콜리채소볶음밥,실파김국,베이컨채소말이,empty,비트초절이,S씨앗호떡,S우유(100ml),밤콩밥,만두국,닭살굴소스볶음,팽이버섯부추나물,깍두기
옥수수밥(30),김국,오징어실채무침,고구마순된장무침,석박지,S복숭아(60g),S떠먹는요구르트(100ml),봄나물비빔밥,시래기된장국,소고기육전,empty,나박김치,S어묵탕,empty,쌀밥,당근황태국,주꾸미채소간장볶음,콩나물무침,비트초절이
찹쌀밥(추가),달래된장국,미트볼피망조림,팽이버섯나물,총각김치,S사과(50g),empty,일본식소고기덮밥(규동),모듬버섯찌개,돌나물흑임자샐러드,empty,비트초절이,S치즈스틱,S망고주스,팥밥,닭살숙주국,두부찜+김치볶음,호박나물,열무물김치
고구마밥(30),조갯살부추맑은국,감자조림,참나물볶음,오이소박이김치,S타락죽,empty,소고기카레라이스,실파달걀국,검은깨고구마맛탕,empty,단무지,S애플파이,S수제바나나우유,옥수수밥,안매운콩비지찌개,순살닭볶음탕,얼갈이나물,백김치
찹쌀밥(추가),연두부새우탕,우엉채곤약조림,참나물무침,나박김치,S우유(100ml),empty,연근달걀볶음밥,낙지연포탕,채소튀김(고구마),empty,비트초절이,S단팥빵,S수제블루베리바나나우유,수수밥(30),갈비탕,안매운김치전,고구마순된장무침,깍두기
수수밥(30),애호박맑은국,소고기모듬장조림,톳나물무침,나박김치,S복숭아(황도)-80g,empty,닭살카레감자밥+양념장,유부된장국,미트볼피망조림,empty,깍두기,S채소전,S오렌지주스,밤콩밥,콩가루시래기국,훈제오리볶음+무쌈,브로콜리흑임자소스무침,비트초절이
밤찹쌀팥밥(30),곤약어묵국,두부채소굴소스볶음,가지양념찜,깍두기,S사과(50g),empty,돼지고기양배추덮밥,맑은순두부국,새우볼조림,empty,비트초절이,S인절미,S우유(100ml),찹쌀밥,무된장국,훈제오리구이,봄동부추겉절이,백김치
수수밥(30),맑은오징어무국,맛살채소볶음,느타리버섯나물,나박김치,S바나나(50g),empty,밤콩밥,당근스프,생선까스+타르타르소스,양배추샐러드(레몬드레싱),깍두기,S찐고구마,S우유(100ml),쌀밥(추가),단호박수제비국,소시지케첩조림,브로콜리참깨무침,총각김치
완두콩밥,맑은순두부국,팽이버섯달걀전,오이당근무침,나박김치,S단호박죽,empty,새우파래볶음밥,맑은장국,동그랑땡채소조림,empty,비트초절이,S건포도감자볼,S우유(150ml),율무밥,버섯부추국,소불고기,청포묵숙주김무침,깍두기
잡곡밥(30),두부달걀국,닭살굴소스볶음,애호박나물,단무지무침,S바나나(50g),empty,돼지고기양배추덮밥,온청포묵국,브로콜리숙회(흑임자소스),empty,나박김치,S간장떡볶이,S오렌지주스,찹쌀밥,안매운닭개장,삼색감자채볶음,김자반,오이소박이김치
옥수수밥(30),애호박새우젓국,으깬두부채소전,우엉채곤약조림,깻잎김치,S우유(100ml),empty,일본식소고기덮밥(규동),미소장국,고구마엿장조림,empty,깍두기,S물만두,S망고주스,찹쌀밥,미역국,주꾸미채소간장볶음,새송이버섯나물,총각김치
밤콩밥(30),배추들깨국,연두부+양념장,맛살콩나물무침,석박지,S키위(50g),empty,밤콩밥,애호박젓국찌개,치즈닭갈비,사과상추겉절이,나박김치,empty,S고구마쉐이크,잔멸치주먹밥,미니유부우동,채소옥수수튀김,양상추샐러드(발사믹드레싱),비트초절이
수수밥(30),맑은애호박국,연두부+양념장,감자채피망볶음,나박김치,S수제블루베리우유,empty,콩밥,채소스프,치즈등심돈까스,양상추샐러드(오리엔탈드레싱),비트초절이,S크림빵,S오렌지주스,브로콜리채소볶음밥,조갯살된장찌개,갈치카레튀김,empty,열무김치
찹쌀밥(추가),애호박맑은국,새우살케첩볶음,고구마순된장무침,열무물김치,S바나나(50g),empty,장조림버터비빔밥,미역냉국,오징어링튀김,empty,비트초절이,S단호박샐러드,S우유(100ml),팥밥(30),만두국,매콤낙지채소볶음,두부톳무침,깍두기
수수밥(30),팥죽,비엔나브로콜리꼬지,empty,나박김치,S사과(50g),S우유(100ml),소고기가지덮밥,황태애호박국,해물김치전,마카로니콘샐러드,비트초절이,S치즈,S오렌지주스,쌀밥,조랭이떡미역국,갈치구이,맛살채소새콤무침,총각김치
찹쌀밥(추가),다시마감자국,닭가슴살데리야끼조림,단배추나물,콜라비나박김치,S수제블루베리우유,empty,브로콜리채소볶음밥,느타리버섯국,조랭이떡소불고기,empty,오이피클,S건포도감자볼,S우유(200ml),팥밥,두부전골,주꾸미채소간장볶음,매콤콩나물무침,석박지
수수밥(30),만두국,애호박볶음,팽이버섯나물,백김치,S우유(100ml),empty,일본식소고기덮밥(규동),실파달걀국,오징어링튀김,empty,비트초절이,S찐고구마,S오렌지주스,밤콩밥,모듬버섯찌개,닭가슴살삼색파프리카볶음,냉이무침,총각김치
팥밥(30),순두부찌개,닭살연근조림,팽이버섯부추나물,나박김치,S떠먹는요구르트(100ml),empty,달걀주먹밥,카레볶음우동,파프리카유자청무침,empty,비트초절이,S군만두,S매실주스,쌀밥,김치어묵국,너비아니조림,고구마순된장무침,깍두기
쌀밥(추가),굴두부국,너비아니샐러드,팽이버섯나물,백김치,S떠먹는요구르트(100ml),empty,잡곡밥(40),낙지연포탕,단호박돼지고기조림,콩나물냉채,콜라비나박김치,S삶은달걀(50g),S식혜,새우간장덮밥,맑은장국,도토리묵상추무침,empty,나박김치
찹쌀밥(추가),다시마무채국,햄참치채소전,가지양념무침,백김치,S우유(200ml),empty,단호박영양밥,모시조개국,오삼불고기,empty,콜라비나박김치,S채소전,S식혜,수수밥,두부김치찌개,조기찜,브로콜리나물,비트초절이
찹쌀밥,들깨감자국,미트볼조림,콩나물무침,나박김치,S오렌지(50g),empty,열무비빔밥,강된장,삼색달걀말이,empty,깍두기,S단호박설기,S수제바나나우유,찹쌀밥,버섯당면국,주꾸미채소간장볶음,양상추샐러드(오리엔탈드레싱),열무김치
팥밥(30),봄동된장국,미트볼피망조림,팽이버섯나물,열무물김치,S떠먹는요구르트(100ml),empty,브로콜리채소볶음밥,만두국,닭다리살장조림,empty,비트초절이,S가래떡구이,S식혜,밤콩밥,모듬버섯찌개,두부잡채,우엉채곤약조림,오이소박이김치
현미밥,조갯살된장국,삼색채소달걀찜,오이무침,나박김치,S오렌지(50g),S우유(100ml),소고기굴소스볶음밥,맑은가쓰오부시장국,브로콜리흑임자소스무침,empty,석박지,S송편,S단호박식혜,현미밥,애호박국,(저염·저당)돼지갈비찜,얼갈이배추겉절이,깍두기
옥수수밥(30),감자부추국,땅콩두부조림,김구이,열무김치,S수제바나나우유,empty,찹쌀밥,만두닭개장,오징어채소완자전,콩나물무침,총각김치,S약과,S쌀음료,찹쌀팥밥,북어채무국,찹스테이크,우엉채곤약조림,깍두기
팥밥(30),애호박맑은국,우엉채어묵조림,고구마순된장무침,나박김치,S수제딸기우유,empty,흑미밥,당근스프,치즈돈까스,양배추오이샐러드,비트초절이,S팥죽,S오미자차,찹쌀밥,만두국,소시지채소볶음,팽이버섯볶음,깍두기
수수밥(30),감자국,곤약메추리알장조림,느타리버섯나물,총각김치,S딸기(100g),S우유(100ml),가지채소볶음밥,건새우무국,돼지갈비찜,empty,깍두기,S인절미,S오미자차,밤찹쌀팥밥,감자탕,모듬버섯전,열무볶음,오이소박이김치
팥밥(30),애호박맑은국,두부달걀부침,우엉채곤약조림,깍두기,S오렌지(50g),empty,소고기김주먹밥,만두국,양상추유자청샐러드,empty,비트초절이,S크림떡볶이,S망고주스,찹쌀밥,모듬버섯찌개,미트볼피망조림,오이무침,나박김치
팥찹쌀밥(30),두부젓국찌개,팽이버섯달걀전,고구마순된장무침,총각김치,S바나나(50g),empty,돼지고기양배추덮밥,느타리버섯맑은국,떡갈비간장조림,empty,단배추물김치,S딸기쨈식빵,S우유(100ml),찹쌀밥,곤약어묵국,닭가슴살삼색파프리카볶음,무미역무침,열무물김치
팥밥(40),맑은양배추국,명태조림,가지구이무침,나박김치,S토마토주스,empty,파프리카유부초밥,만두국,사과샐러드(발사믹드레싱),empty,깍두기,S찐고구마,S우유(100ml),율무밥,바지락국,소고기장똑똑이,브로콜리무침,백김치
옥수수밥(30),가자미미역국,고구마순된장무침,애호박볶음,열무물김치,S바나나(50g),empty,찹쌀밥,감자수제비,해물부추전,다시마채무침,깍두기,S백설기,S우유(150ml),옥수수밥,유부장국,연어구이+타르타르소스,양상추샐러드(오리엔탈드레싱),비트초절이
율무밥,미역국,두부채소굴소스볶음,양상추유자청무침,깍두기,S떠먹는요구르트(100ml),empty,카레라이스,콩나물국,닭다리살튀김,empty,총각김치,S찐감자,S우유(100ml),율무밥,곰취마른새우국,동태찜,청경채도토리묵무침,나박김치
잡곡밥(40),닭고기무국,고구마줄기볶음,취나물무침,나박김치,S사과(35g),S우유(100ml),잡곡밥,소갈비탕,매콤두부조림,맛살콩나물무침,깍두기,S송편,S식혜,찹쌀밥,아욱맑은국,단호박해물찜,검정콩조림,열무물김치
옥수수밥(30),어묵국,두부채소굴소스볶음,콩나물무침,깍두기,S블루베리(50g),S떠먹는요구르트(100ml),닭살카레감자밥+양념장,달걀파국,사과샐러드(마요네즈),empty,비트초절이,S미니핫도그,S오렌지주스,수수밥,버섯샤브샤브,주꾸미채소간장볶음,파프리카유자청무침,총각김치
검정콩밥(40),실파콩나물국,감자채볶음,참나물겉절이,나박김치,S브로콜리죽,empty,장조림버터비빔밥,맑은가쓰오부시장국,도토리묵상추무침,empty,열무물김치,S바나나(50g),S우유미숫가루,찹쌀밥,두부탕국,돼지고기짜장볶음,양배추샐러드(레몬드레싱),석박지
옥수수밥(30),떡만두국,두부데리야끼구이,봄동무침,깍두기,S바나나(50g),empty,돼지고기양배추덮밥,달걀파국,튀김만두+초간장,empty,비트초절이,S건포도감자볼,S수제딸기우유,수수밥,두부전골,소고기등심버섯불고기,가지양념찜,열무김치
수수밥(30),조랭이떡미역국,감자어묵볶음,팽이버섯부추나물,석박지,S우유(100ml),empty,소고기가지덮밥,유부김치국,채소크로켓,empty,동치미,S애플파이,S수제블루베리우유,찹쌀팥밥,모듬버섯찌개,오리훈제구이(머스타드소스),연근흑임자샐러드,백김치
밤콩밥(30),버섯개장,돼지고기달걀장조림,파프리카유자청무침,열무물김치,S우유(100ml),empty,일본식소고기덮밥(규동),우동국물,새우춘권튀김,동치미,비트초절이,S무지개떡,S매실주스,찹쌀밥(추가),꼬치어묵국,애호박건새우볶음,당근참치마요무침,깍두기
밤콩밥(40),감자채맑은국,메추리알곤약조림,오이볶음,열무김치,S단팥죽,empty,돼지고기김치비빔밥,콩나물국,옥수수맛살전,empty,비트초절이,S백설기,S우유미숫가루,밤콩밥,동태맑은국,닭안심사과볶음,얼갈이배추겉절이,총각김치
찹쌀밥(추가),두부장국,미트볼피망조림,고구마순된장무침,오이소박이김치,S게살죽,empty,소고기파프리카볶음밥,실파김국,채소크로켓,empty,깍두기,S찐옥수수,S요구르트,팥밥,감자탕,팽이버섯달걀전,콩나물찜,열무물김치
밤콩밥,닭살숙주국,애호박건새우볶음,우엉채조림,나박김치,S수제바나나우유,empty,짜장라이스,감자달걀국,파인애플탕수육+소스,empty,단무지,S단호박전,S오렌지주스,밤콩밥,다진소고기콩나물국,참치채소전,팽이버섯부추나물,깍두기
옥수수밥,애호박국,달걀찜(30g),브로콜리깨소스무침,나박김치,S단팥죽,empty,김치영양밥,두부미역장국,동태살후라이드,empty,단무지,S증편,S우유미숫가루,옥수수밥,열무된장국,순살닭볶음탕,도토리묵무침,깍두기
옥수수밥(40),맑은순두부국,단배추멸치조림,고구마순된장무침,나박김치,S사과(50g),empty,돼지고기양배추덮밥,근대된장국,고구마튀김,empty,깍두기,S머핀,S우유(200ml),찹쌀밥,콩나물육개장,주꾸미채소간장볶음,가지나물,총각김치
밤콩밥(30),온청포묵국,비엔나케첩조림,애호박나물,열무물김치,S사과(50g),S우유(100ml),찹쌀밥,브로콜리스프,등심돈까스+소스,양배추샐러드,깍두기,S단호박설기,S요구르트,율무밥,만두국,다시마감자채전,배무생채,나박김치
찹쌀보리밥,깻잎국,삼치단호박조림,느타리버섯무침,나박김치,S우유(200ml),empty,소고기카레라이스,감자달걀국,양상추샐러드(키위드레싱),empty,비트초절이,S떡볶이,S매실주스,찹쌀보리밥,애호박맑은국,대패삼겹파채볶음,참나물겉절이,백김치
찹쌀밥(추가),닭가슴살미역국,두부부침+양념장,양배추건새우볶음,오이소박이김치,S바나나(100g),empty,참치주먹밥,느타리버섯국,토마토소스닭조림,empty,깍두기,S찐고구마,S수제블루베리우유,팥밥,바지락살순두부국,코다리무조림,냉이무침,총각김치
기장밥(40),실파콩나물국,임연수엿장조림,취나물무침,백김치,S오렌지(50g),empty,가지채소볶음밥,맑은가쓰오부시장국,주꾸미채소볶음,empty,열무물김치,S삶은달걀(50g),S우유미숫가루,밤찹쌀팥밥,얼갈이맑은국,돼지고기짜장볶음,브로콜리맛살볶음,나박김치
밤콩밥(30),느타리버섯국,피망어묵볶음,양념가지찜,나박김치,S우유(100ml),empty,돼지고기양배추덮밥,연두부새우탕,메밀봄동전,empty,깍두기,S고로케,S망고주스,수수밥,꼬막된장찌개,간장돼지불고기,파래무침,총각김치
옥수수밥(30),버섯소고기국,게맛살파프리카볶음,가지들깨나물,나박김치,S아몬드,S떠먹는요구르트(100ml),닭살채소볶음밥,호박맑은국,김치녹두전,empty,열무김치,S무지개떡,S식혜,율무밥,콩나물육개장,주꾸미채소간장볶음,배무생채,열무물김치
팥밥(30),모시조개국,맛살미역줄기볶음,팽이버섯나물,깍두기,S바나나(50g),empty,닭살카레감자밥+양념장,애호박맑은국,소떡소떡,empty,단무지,S마들렌,S우유(100ml),수수밥,들깨우거지국,삼겹살김치볶음,새송이버섯나물,오이소박이김치
찹쌀밥(30),부추재첩국,단배추멸치조림,팽이버섯부추나물,나박김치,S수제딸기우유,empty,꼬마김밥,단호박수제비,비빔만두,empty,열무물김치,S모카빵,S두유(100ml),찹쌀팥밥,당근스프,미니돈까스,마카로니채소샐러드(마요네즈),깍두기
찹쌀밥(추가),순두부백탕,볼어묵조림,애호박볶음,나박김치,S사과(50g),empty,소고기배추밥+양념장,감자양파국,모듬버섯전,empty,깍두기,S단호박설기,S오렌지주스,수수밥,곰취된장국,대구구이,맛살채소볶음,오이소박이김치
밤콩밥(30),들깨미역국,가자미살구이,가지양념무침,열무김치,S블루베리(50g),S떠먹는요구르트(100ml),해물버섯덮밥,유부쑥갓맑은국,양상추샐러드,empty,깍두기,S고구마맛탕,S우유(100ml),찹쌀밥,느타리버섯국,떡갈비간장조림,매콤콩나물무침,나박김치
팥밥(30),애호박맑은국,미트볼토마토소스조림,팽이버섯나물,나박김치,S미숫가루,empty,일본식소고기덮밥(규동),감자국,채소튀김(고구마),empty,깍두기,S건포도감자볼,S수제바나나우유,밤콩밥,건새우근대국,간장마파두부,냉이무침,나박김치
완두콩밥(40),감자옹심이국,단배추멸치조림,건파래무침,깍두기,S우유(100ml),empty,찹쌀밥,아욱우렁된장국,돼지고기채소구이,봄동부추겉절이,백김치,S브로콜리스프,empty,찹쌀밥,곤약어묵국,돼지고기케첩조림,버섯들깨나물,나박김치
찹쌀밥(추가),팥죽,달걀시금치말이,어묵곤약조림,동치미,S찐고구마,S요구르트,잡곡밥,새우살무국,흰살생선튀김,파프리카유자청무침,나박김치,S치즈스틱,S포도주스,닭살카레감자밥+양념장,맑은애호박국,오징어숙회,empty,깍두기
차조밥(30),김치두부국,참치채소전,오이무침,열무물김치,S우유(100ml),empty,소고기굴소스볶음밥,게살스프,유자고구마맛탕,empty,비트초절이,S단팥도너츠,S매실주스,현미밥,콩가루시래기국,양배추낙지볶음,참나물겉절이,나박김치
팥밥(30),애호박맑은국,볼어묵조림,견과류고구마범벅,나박김치,S떠먹는요구르트(100ml),empty,율무밥,홍합살미역국,소고기버섯불고기,청경채무침,백김치,S오색롤샌드위치,S우유(150ml),밤콩밥,콩가루시래기국,조기구이,냉이나물,깍두기
밤콩밥(40),매생이홍합국,채소스크램블에그,고구마줄기볶음,나박김치,S사과(50g),empty,돼지고기양배추덮밥,애호박새우젓국,크래미채소샐러드,empty,깍두기,S당근스프,S모닝빵,찹쌀밥,온청포묵국,매콤낙지채소볶음,오이무침,백김치
고구마밥,감자채맑은국,두부찜,깻잎새콤무침,열무김치,S수제블루베리바나나우유,empty,콩밥,어린이부대찌개,소고기잡채,얼갈이무침,깍두기,S소보로빵,S우유(150ml),율무밥,부추바지락국,주꾸미채소간장볶음,애호박콩가루볶음,동치미
옥수수밥(30),미역만두국,달걀찜(40g),당근숙주나물,총각김치,S사과(50g),S우유(100ml),닭살토마토소스덮밥,유부팽이국,양상추샐러드(발사믹드레싱),empty,깍두기,S연근전,S망고주스,찹쌀밥,당근스프,바베큐폭찹,오이맛살무침,깍두기
잡곡밥(30),늙은호박국,감자어묵볶음,취나물된장무침,오이소박이김치,S수제블루베리우유,empty,새우간장덮밥,실파장국,닭고구마조림,empty,깍두기,S미니우동,S오렌지주스(무가당),콩밥,차돌박이된장국,주꾸미볶음,다시마채무침,비트초절이
밤콩밥(30),감자국,메추리알고구마조림,열무나물,백김치,S사과(35g),S떠먹는요구르트(100ml),가지채소볶음밥,콩가루무채국,주꾸미채소볶음,empty,총각김치,S채소찐빵,S단호박식혜,밤찹쌀팥밥,다시마양파국,닭살양배추볶음,씻은김치전,열무김치
팥밥(30),쑥갓어묵국,건새우볶음,가지양념찜,깍두기,S우유(100ml),empty,돼지고기양배추덮밥,실파장국,연근흑임자소스무침,empty,열무김치,S인절미,S쌀음료,율무밥,안매운부대찌개,짜장떡볶이,고구마순된장무침,나박김치
수수밥(30),느타리버섯국,브로콜리조갯살전,청포묵김무침,열무물김치,S사과(50g),empty,소고기김주먹밥,꼬치어묵국,새우살케첩볶음,empty,비트초절이,S건포도감자볼,S미숫가루,찹쌀밥,모듬버섯찌개,애호박생선살찜,파래무채무침,오이소박이김치
밤밥(40),무채양파국,감자어묵볶음,파래무침,깍두기,S오이당근스틱,S떠먹는요구르트(100ml),새우크림스파게티,유부장국,순살후라이드치킨,empty,비트초절이,S딸기쨈식빵,S포도주스,완두콩밥,버섯찌개,삼치유자청구이,애호박볶음,총각김치
옥수수밥(30),가자미미역국,콩자반,우엉채곤약조림,열무물김치,S수제바나나우유,empty,돼지고기양배추덮밥,느타리버섯국,해산물부추전,배무생채,나박김치,S쑥설기,S쌀음료,찹쌀밥,닭개장,주꾸미채소간장볶음,봄동나물,열무김치
팥밥(30),두부애호박국,멸치피망볶음,고구마순된장무침,나박김치,S수제블루베리우유,empty,백김치볶음밥,들깨버섯국,오징어채소완자전,empty,비트초절이,S궁중떡볶이,S우유(150ml),기장밥,소갈비탕,명태조림,오이부추생채,깍두기
수수밥(30),모듬버섯찌개,아욱건새우전,우엉채곤약조림,석박지,S바나나(50g),empty,소고기가지덮밥,맑은양배추국,군만두,empty,총각김치,S달걀토스트,S우유(150ml),찹쌀밥,새알미역국,삼치단호박조림,배추나물,열무물김치
옥수수밥(30),닭곰탕,무조림,고구마순된장무침,깻잎김치,S방울토마토(35g),S떠먹는요구르트(100ml),일본식소고기덮밥(규동),두부감자국,부추전,양상추샐러드(키위드레싱),깍두기,S감자채요거트샐러드,S우유(100ml),율무밥,만두국,오징어볶음,콩나물무침,열무김치
밤콩밥(30),만두국,잔멸치아몬드볶음,가지양념무침,총각김치,S수제바나나우유,empty,돼지고기양배추덮밥,팽이버섯맑은국,궁중떡볶이,배무생채,비트초절이,S쑥설기,S식혜,찹쌀밥,꼬막된장찌개,두부채소굴소스볶음,다시마채무침,백김치
고구마밥(40),새우살시금치국,소고기우엉조림,애호박양파볶음,단배추물김치,S사과(50g),empty,닭갈비덮밥,미역냉국,만두탕수,양배추샐러드(레몬드레싱),단무지,S바나나핫케이크,S우유(150ml),기장밥,소갈비탕,두부케첩조림,표고버섯무나물,깍두기
옥수수밥(30),모듬어묵국,단배추멸치조림,애호박나물,나박김치,S거봉(100g),S우유(100ml),돼지고기양배추덮밥,유부실파국,주꾸미채소간장볶음,empty,총각김치,S찐고구마,S식혜,찹쌀밥,느타리버섯국,소고기동그랑땡전,매콤콩나물무침,나박김치
찹쌀밥(추가),닭살숙주국,아욱건새우전,가지구이,열무물김치,S사과(50g),empty,닭살카레감자밥+양념장,곤약어묵국,옥수수치즈전,empty,비트초절이,S버터감자구이,S우유(200ml),팥밥(30),만두국,삼치간장조림,고구마순된장무침,열무김치
수수밥(30),닭가슴살미역국,양배추건새우볶음,우엉채곤약조림,깍두기,S수제블루베리바나나우유,empty,브로콜리채소볶음밥,애호박맑은국,파인애플탕수육+소스,empty,깍두기,S찐옥수수,S우유(100ml),옥수수밥,만두국,청경채불고기,팽이버섯나물,총각김치
팥밥(30),감자미역국,가자미조림,가지양념무침,열무김치,S사과(50g),S떠먹는요구르트(100ml),일본식소고기덮밥(규동),매콤애호박국,크림떡볶이,empty,비트초절이,S달걀부추빵,S우유(100ml),찹쌀밥(추가),김치두부찌개,닭살데리야끼볶음,고구마순된장무침,오이소박이김치
수수밥(30),모듬버섯찌개,아욱건새우전,무몰무침,나박김치,S우유(100ml),empty,소고기가지덮밥,미니유부우동,연근흑임자샐러드,empty,총각김치,S팥죽,S요구르트,옥수수밥,낙지연포탕,두부볼케첩조림,팽이버섯부추나물,열무물김치
기장밥(30),애호박맑은국,떡갈비간장조림,고구마순된장무침,비트초절이,S수제바나나우유,empty,일본식소고기덮밥(규동),느타리버섯국,감자버터구이,가지양념무침,깍두기,S송편,S단호박식혜,찹쌀밥,만두국,새송이버섯전,검정콩호두조림,오이소박이김치
밤콩밥(30),느타리버섯국,으깬두부채소전,건새우애호박볶음,깍두기,S바나나(50g),empty,돼지고기양배추덮밥,꼬치어묵국,가지양념찜,empty,열무물김치,S크림소스스파게티,S매실주스,율무밥,바지락맑은국,떡갈비간장조림,단배추된장무침,비트초절이
옥수수밥(30),애호박새우젓국찌개,북어채소찜,무나물,나박김치,S딸기(100g),empty,백김치볶음밥,만두국,참치옥수수전,empty,총각김치,S연두부샐러드(오리엔탈드레싱),S수제바나나우유,찹쌀밥,닭곰탕,볼어묵조림,매콤콩나물무침,열무김치
밤콩밥(30),느타리버섯국,연두부+양념장,우엉채곤약조림,비트초절이,S떠먹는요구르트(100ml),empty,방울토마토새우볶음밥,유부장국,군만두,empty,단무지무침,S크로와상,S우유(150ml),율무밥,순두부찌개,주꾸미채소간장볶음,배무생채,깻잎김치
고구마밥(40),굴두부국,(저염·저당)메추리알장조림,조미김,나박김치,S바나나(50g),S요구르트,닭갈비덮밥,새우살시금치국,양배추샐러드(레몬드레싱),empty,나박김치,S김치말이국수,empty,쌀밥,소갈비탕,채소튀김(고구마),맛살간장조림,깍두기
옥수수밥(30),동태살무국,콩자반,가지나물,열무물김치,S바나나(50g),S떠먹는요구르트(100ml),돼지고기양배추덮밥,미역국,오징어완자전,매콤콩나물무침,총각김치,S건포도감자볼,S수제블루베리우유,찹쌀밥,단호박수제비국,순살돼지고기김치볶음,부추사과무침,깍두기
율무밥(30),들깨버섯국,비엔나케첩조림,시금치나물,깍두기,S수제딸기우유,empty,브로콜리채소볶음밥,미역국,돼지고기된장구이,empty,비트초절이,S연두부샐러드(오리엔탈드레싱),S우유(100ml),현미찹쌀밥,만두국,삼치카레구이,파프리카유자청무침,나박김치
옥수수밥(30),우렁이된장국,닭살브로콜리볶음,가지양념찜,깍두기,S수제바나나우유,empty,소고기채소볶음밥,곤약어묵국,사과샐러드(마요네즈),empty,나박김치,S팥죽,S오미자아이스크림,찹쌀밥,두부찌개,주꾸미채소간장볶음,애호박볶음,비트초절이
찹쌀밥(추가),감자채맑은국,건새우두부조림,고구마순된장무침,오이소박이김치,S블루베리(50g),S떠먹는요구르트(100ml),돼지고기양배추덮밥,매콤애호박국,해물부추전,empty,비트초절이,S미니핫도그,S오렌지주스,밤찹쌀팥밥,버섯부추국,소고기잡채,양념가지찜,총각김치
옥수수밥(30),애호박젓국찌개,두부채소굴소스볶음,콩자반,열무물김치,S키위(50g),S떠먹는요구르트(100ml),일본식소고기덮밥(규동),실파달걀국,오이참치마요무침,empty,깍두기,S씨앗호떡,S우유(100ml),찹쌀밥,미역만두국,주꾸미채소간장볶음,참나물무침,깍두기
밤콩밥(30),느타리버섯맑은국,시금치두부전,고구마순된장무침,나박김치,S양송이스프,S모닝빵,삼색소보로덮밥,시락국,치킨너겟+소스,empty,오이피클,S단호박샐러드,S수제블루베리우유,율무밥,만두국,달걀새송이장조림,도토리묵상추무침,깍두기
밤찹쌀팥밥(30),조갯살아욱국,치즈달걀말이,견과류고구마범벅,나박김치,S청포도(100g),empty,닭살파프리카볶음밥,유부팽이국,두부참치샐러드,empty,비트초절이,S크림떡볶이,S오렌지주스,찹쌀팥밥,애호박새우젓국찌개,떡갈비간장조림,맛살콩나물무침,깍두기
옥수수밥(30),애호박두부젓국,참치달걀말이,무말랭이,오이소박이김치,S멜론(50g),empty,살코기납작김밥,시락국,해물우동숙주볶음,empty,오이피클,S웨지감자구이,S망고주스,율무밥,새알미역국,삼치살무조림,느타리버섯나물,나박김치
완두콩밥(40),참치무국,단배추멸치조림,숙주당근나물,열무물김치,S사과(50g),empty,안매운마파두부덮밥,느타리버섯맑은국,파인애플탕수육+소스,empty,비트초절이,S단호박떡케익,S오렌지주스,찹쌀팥밥,안매운육개장,김달걀말이,가지나물,열무김치
찹쌀밥(30),배추들깨국,코다리무조림,애호박나물,나박김치,S달걀부추빵,S우유(100ml),새우살볶음밥,버섯달걀탕,파인애플탕수육+소스,empty,비트초절이,S옥수수버터구이,S식혜,밤콩밥,순두부찌개,매콤주꾸미볶음,팽이버섯달걀전,깍두기
흑미밥(40),느타리버섯국,주꾸미채소간장볶음,고구마순된장무침,열무물김치,S사과(50g),S수제바나나우유,콩나물무밥,단배추된장국,소고기단호박찜,empty,깍두기,S도너츠,S우유(100ml),찹쌀밥,돼지고기김치찌개,해산물부추전,가지양념찜,총각김치
고구마밥(30),모듬버섯찌개,매생이육전,깻잎나물,백김치,S타락죽,empty,단호박카레라이스,달걀파국,레몬소스탕수육,empty,깍두기,S고구마맛탕,S수제바나나우유,옥수수밥,만두국,돼지고기우엉잡채,팽이버섯볶음,총각김치
쌀밥(30),냉이된장국,주꾸미채소간장볶음,감자채볶음,백김치,S수제바나나우유,empty,현미밥,애호박새우젓국찌개,(저염·저당)돼지갈비찜,참나물겉절이,나박김치,S딸기쨈식빵,S우유(100ml),감자밥,순두부찌개,순살돼지고기김치볶음,김무침,열무물김치
팥찹쌀밥(40),건새우무국,소고기곤약조림,팽이버섯달걀전,깍두기,S수제바나나우유,empty,파프리카유부초밥,미니우동,메란장조림,empty,깍두기,S팥죽,S토마토주스,율무밥,동태찌개,훈제오리냉채,양배추나물,비트초절이
찹쌀밥,꼬막된장찌개,달걀찜(40g),가지나물,비트초절이,S블루베리(50g),S떠먹는요구르트(100ml),굴소스닭가슴살덮밥,애호박된장국,오이토마토샐러드(발사믹드레싱),empty,백김치,S참깨우유스프,S식혜,옥수수밥,온청포묵국,후르츠탕수육,매콤콩나물무침,총각김치
팥밥(30),달래두부된장국,맛살간장조림,양념가지찜,열무물김치,S복숭아호두스무디,empty,백김치볶음밥,유부쑥갓맑은국,튀김만두+초간장,empty,깍두기,S머핀,S우유(100ml),쌀밥,꽃게된장국,(저염)닭가슴살단호박조림,파프리카유자청무침,열무김치
찹쌀밥(30),맑은오징어무국,채소달걀찜,미역줄기볶음,총각김치,S오렌지(50g),S우유미숫가루,브로콜리채소볶음밥,어묵국수,닭봉조림,empty,백김치,S밤식빵,S수제바나나우유,수수밥,당근스프,연어스테이크,마카로니채소샐러드(마요네즈),비트초절이
옥수수밥(30),브로콜리스프,달걀프라이,파프리카사과초무침,깍두기,S치즈,S포도주스,찹쌀밥,해물짬뽕국,파인애플탕수육+소스,양상추과일샐러드,깍두기,S애플파이,S우유(200ml),현미밥,두부전골,새우살파래전,느타리버섯나물,깻잎김치
찹쌀밥(30),느타리버섯국,시금치두부전,오색묵무침,총각김치,S사과(50g),empty,소고기가지덮밥,호박국,만두탕수,오이유자청무침,비트초절이,S치즈스틱,S수제바나나우유,찹쌀현미밥,조갯살미역국,짜장닭볶음,팽이버섯볶음,나박김치
옥수수밥(30),아욱된장국,곤약메추리알장조림,느타리버섯당근볶음,오이소박이김치,S바나나(50g),S떠먹는요구르트(100ml),깻잎볶음밥,감자옹심이국,크래미채소볶음,얼갈이나물,콜라비나박김치,S게살채소스프,S망고주스,현미밥,모시조개국,새우살케첩볶음,호박나물,열무김치
고구마밥(30),안매운순두부찌개,참치파프리카볶음,치커리사과무침,깍두기,S딸기(100g),empty,소고기김주먹밥,배추당면국,닭가슴살데리야끼조림,양배추오이샐러드,열무김치,S건포도감자볼,S우유미숫가루,밤콩밥,만두국,낙지채소볶음,느타리버섯나물,단배추물김치
옥수수밥(30),연두부새우탕,우엉소고기볶음,가지나물무침,비트초절이,S오렌지(50g),empty,오리훈제볶음밥,느타리버섯국,오징어튀김,브로콜리흑임자소스무침,열무물김치,S고구마맛탕,S단호박식혜,찹쌀밥,대합미역국,주꾸미채소간장볶음,고구마순된장무침,총각김치
찹쌀밥(30),달걀떡국,완자조림,김구이+양념장,오이소박이김치,S딸기(100g),S우유(100ml),소고기가지덮밥,대합미역국,배추장떡,파프리카유자청무침,깍두기,S핫케이크,S검은깨두유(100ml),수수밥,조갯살순두부맑은국,순살후라이드치킨,봄동무침,동치미
완두콩밥(40),애호박두부젓국찌개,닭가슴살부추볶음,단배추멸치조림,비트초절이,S우유미숫가루,empty,일본식소고기덮밥(규동),유부장국,해물부추전,사과샐러드(발사믹드레싱),나박김치,S연근강정,S두유(100ml),밤콩밥,만두국,가자미무조림,취나물들깨무침,열무물김치
찹쌀밥(30),황태미역국,모듬버섯전,검정콩조림,깍두기,S고구마쉐이크,empty,소고기가지덮밥,느타리버섯국,해물부추전,콩나물무침,백김치,S건포도감자볼,S우유(100ml),팥밥,차돌박이된장국,새우탕수,단호박견과류조림,배추김치
수수밥(30),김치두부찌개,분홍소시지전,깻잎들깨나물,깍두기,S수제바나나우유,empty,닭살카레감자밥+양념장,실파달걀국,만두탕수,파프리카유자청무침,단무지,S치즈스틱,S단호박식혜,밤콩밥,다슬기된장국(올갱이국),삼치구이+양념장,달래무침,열무물김치
찹쌀밥(30),닭살미역국,삼색감자채볶음,느타리버섯나물,백김치,S바나나쉐이크,empty,일본식소고기덮밥(규동),모듬어묵국,연근흑임자샐러드,empty,비트초절이,S채소전,S오렌지주스(무가당),팥밥,감자탕,달걀새송이장조림,도토리묵김무침,총각김치
수수밥(30),달걀쑥국,미트볼피망조림,고구마순된장무침,백김치,S(저당)씨리얼,S우유(100ml),브로콜리채소볶음밥,단배추된장국,훈제오리단호박찜,empty,비트초절이,S소고기우엉죽,empty,밤콩밥,차돌박이된장국,브로콜리오징어무침,새송이버섯나물,나박김치
팥밥(30),모듬버섯찌개,아욱건새우전,새우살들깨무침,백김치,S블루베리(50g),S떠먹는요구르트(100ml),팥밥,꽃게탕,등심탕수육+소스,마카로니채소샐러드(마요네즈),깍두기,S크림떡볶이,S레몬주스,찹쌀밥,닭살버섯맑은국,떡갈비피망조림,미나리숙주나물,나박김치
찹쌀밥,대합미역국,소고기호두조림,감자샐러드,깍두기,empty,S우유미숫가루,콩밥,맑은순두부국,돼지고기짜장볶음,무나물볶음,열무물김치,S바나나(50g),S우유(100ml),잡곡밥,새우살무국,닭살브로콜리볶음,김구이+달래양념장,백김치
현미밥,목살김치국,가지달걀말이,파래자반,깻잎김치,empty,S우유미숫가루,찹쌀밥(추가),삼계탕,봄동해물전,얼갈이무침,열무김치,S감말랭이,S단호박식혜,취나물표고영양밥,아욱우렁된장국,너비아니샐러드,맛살당근볶음,나박김치
팥밥,소고기버섯국,새우청경채볶음,팽이버섯부추나물,총각김치,S치즈,S과일연두부스무디,밤콩밥,안매운김치찌개,돼지목살구이,오이부추생채,동치미,S짜장떡볶이,empty,미트볼스파게티,당근스프,치킨너겟+소스,양배추샐러드(레몬드레싱),비트초절이
옥수수밥,콩가루시금치국,해산물부추전,숙주나물무침,나박김치,empty,S검은깨두유(200ml),베이컨치즈스파게티,옥수수스프,게맛살크로켓,마카로니샐러드,비트초절이,S견과류,S우유(100ml),찹쌀밥,감자옹심이국,주꾸미채소볶음,브로콜리초무침,열무김치
밤콩밥,김치콩나물국,우엉채곤약조림,애호박볶음,총각김치,S건포도감자볼,S우유(150ml),일본식소고기덮밥(규동),느타리버섯국,콩자반,콩나물무침,깻잎김치,S알리오올리오스파게티,S오렌지주스,율무밥,만두순두부찌개,돼지사태찜,배무생채,열무물김치
찹쌀밥,버섯맑은국,소고기피망볶음,치즈감자조림,나박김치,S(저당)씨리얼,S우유(100ml),닭가슴살굴소스볶음밥,미니유부우동,채소옥수수튀김,사과샐러드(마요네즈),동치미,empty,S토마토주스,팥밥,맑은짬뽕국,(저염·저당)돼지갈비찜,참나물배겉절이,깍두기
김치치즈볶음밥,유부대파국,토마토스크램블에그,바나나사과키위샐러드,오이피클,S쌀과자,S단호박식혜,옥수수밥,만두국,돼지고기간장볶음,애호박콩가루볶음,백김치,S건포도감자볼,S오렌지주스,찹쌀밥,황태김치국,돼지고기편육,파프리카쌈장무침,총각김치
수수밥,사골파국,파래전,냉이무침,깍두기,S치즈,S호두우유,소고기굴소스볶음밥,실파달걀국,뿌리채소맛탕,양배추오이샐러드,깍두기,S연두부샐러드(오리엔탈드레싱),empty,밤콩밥,모듬버섯찌개,연어구이+타르타르소스,토마토치즈범벅,나박김치
밤찹쌀팥밥,조갯살시래기국,소고기토마토조림,애호박나물,열무물김치,S(저당)씨리얼,S우유(100ml),찹쌀밥,돼지고기김치찌개,닭피망볶음,팽이버섯부추나물,총각김치,empty,S수제딸기우유,흑미밥,버섯채소전골,훈제오리구이,녹두전,열무김치
밤콩밥,새알미역국,두부케첩조림,실곤약채소무침,비트초절이,S팥죽,S우유(100ml),소고기가지덮밥,실파장국,닭살데리야끼구이,연근흑임자샐러드,깍두기,S치즈,S토마토주스,쌀밥,표고버섯탕,소불고기,애호박볶음,나박김치
콩밥,두부곤약탕국,감자어묵볶음,김구이,백김치,S사과(50g),S우유미숫가루,잡곡밥,김치두부찌개,차돌숙주볶음,모듬버섯전,단배추물김치,S건포도감자볼,S포도주스,찹쌀팥밥,늙은호박국,주꾸미볶음,취나물된장무침,총각김치
팥밥,두부대합탕국,소고기동그랑땡전,브로콜리초무침,열무물김치,S키위(50g),S우유(150ml),새우파래볶음밥,버섯부추국,소고기장조림,곤약김치무침,비트초절이,S단감(50g),S식혜,율무밥,감자옹심이국,소불고기,게맛살파프리카볶음,동치미
찹쌀밥,만두국,아욱건새우전,우엉채곤약조림,나박김치,S바나나(50g),empty,닭살카레감자밥+양념장,당근스프,고구마맛탕,그린샐러드,콜라비나박김치,S딸기(100g),S쌀음료,팥밥,모듬버섯찌개,주꾸미채소간장볶음,팽이버섯부추나물,총각김치
옥수수밥,버섯들깨국,돼지고기마늘간장볶음,청경채초무침,열무물김치,S(저당)씨리얼,S우유(100ml),열무비빔밥,청국장국,너비아니구이,(고춧가루제외)노각무침,나박김치,S사과(50g),empty,찹쌀밥,두부콩나물국,삼치간장조림,오징어초무침,백김치
현미밥,김치국,달걀말이,김구이,오이소박이김치,S단팥죽,empty,소고기주먹밥,유부대파국,비엔나브로콜리꼬지,사과샐러드(발사믹드레싱),총각김치,S노란시루떡,S매실차,잡곡밥,단호박수제비국,소고기모듬장조림,다진돼지고기김치전,콜라비나박김치
고구마밥,굴두부국,돼지고기간장볶음,단배추멸치조림,나박김치,S키위(50g),S떠먹는요구르트(100ml),닭살데리야끼덮밥,유부대파국,찐만두,푸실리샐러드(토마토소스),깍두기,S쌀과자,S식혜,찹쌀밥,버섯소고기국,주꾸미채소간장볶음,도라지들깨나물,단배추물김치
옥수수밥,김치두부국,돼지고기짜장볶음,마카로니채소샐러드(토마토소스),나박김치,S치즈,S레몬주스,오징어채소덮밥,유부실파국,미트볼데리야끼볶음,콘샐러드(올리브유드레싱),열무김치,S오이당근스틱,S수제바나나우유,율무밥,곤약어묵국,토마토소스닭조림,미니새송이버섯무침,총각김치
팥밥,애호박젓국찌개,닭봉조림,숙주미나리나물,깍두기,S수박(100g),empty,백김치볶음밥,바지락국,떡갈비구이,토마토범벅,단무지무침,S치즈,S고구마쉐이크,찹쌀밥,새우살무국,삼겹살김치볶음,참나물무침,나박김치
찹쌀밥,맑은순두부국,닭가슴살데리야끼조림,양배추샐러드(참깨드레싱),열무물김치,S(저당)씨리얼,S우유(100ml),브로콜리채소볶음밥,어묵맑은국,닭꼬치,사과연근샐러드,오이피클,S배(50g),S미숫가루,수수밥,만두국,뼈없는닭갈비,시금치나물,오이소박이김치
콩밥,떡국떡미역국,두부양념조림,베이컨감자볶음,깍두기,S삶은달걀(50g),S우유(100ml),두부카레라이스,미소된장국,시금치프리타타,파프리카콘샐러드,비트초절이,S채소전,S망고주스,율무밥,애호박두부된장국,연어구이+타르타르소스,감자그라탕,나박김치
옥수수밥,만두국,주꾸미채소간장볶음,돌나물오이무침,백김치,empty,S고구마쉐이크,방울토마토새우볶음밥,맑은가쓰오부시장국,봄동해물전,양상추사과샐러드,열무물김치,S단호박설기,S식혜,찹쌀밥,두부전골,돼지사태찜,콩나물잡채,열무김치
쌀밥,호박양파국,비엔나채소볶음,김무침,깍두기,S과일샐러드(요거트드레싱),empty,해물버섯덮밥,부추맑은국,튀김만두+초간장,파프리카콘샐러드,나박김치,S치즈,S수제바나나우유,수수밥,양송이스프,두부함박스테이크,크림떡볶이,비트초절이
잡곡밥,두부전골,삼치레몬구이,양념가지찜,나박김치,S단호박설기,S유자차,소고기잡채덮밥,달걀파국,궁중떡볶음,파프리카유자청무침,단무지무침,S치즈,S오렌지주스,찹쌀밥,연두부된장찌개,돼지사태찜,맛살콩나물무침,열무물김치
찹쌀밥,두부감자국,돼지고기간장불고기,김무침,총각김치,S모닝빵+딸기잼,S우유(100ml),옥수수밥,차돌박이된장국,돼지목살구이,상추초무침,나박김치,S절편,S유자차,율무밥,온청포묵국,주꾸미채소간장볶음,얼갈이배추겉절이,비트초절이
밤콩밥,우렁이된장국,닭봉소스조림,애호박볶음,열무김치,S옥수수씨리얼,S우유(150ml),소불고기덮밥,유부팽이국,단호박튀김,양상추과일샐러드,나박김치,S건포도감자볼,S식혜,찹쌀팥밥,으깬두부된장국,돼지고기수육,파래자반,배추김치
찹쌀밥,애호박새우젓국찌개,삼치데리야끼구이,연근흑임자샐러드,동치미,S모닝빵+딸기잼,S포도주스,수수밥,북어채무국,돼지고기파프리카볶음,숙주당근나물,백김치,S사과(50g),S우유(100ml),찹쌀밥,미역만두국,깻잎육전,청포묵김무침,총각김치
찹쌀밥,소고기우거지국,채소달걀찜,(저염·저당)메추리알케첩조림,깻잎김치,S연두부샐러드(오리엔탈드레싱),S보리차,소고기콩나물밥+양념장,유부맑은국,깻잎동태포전,실곤약채소무침,나박김치,empty,S수제바나나우유,밤콩밥,만두국,소불고기,가지나물무침,콜라비나박김치
쌀밥,실파콩나물국,달걀채소볶음,도토리묵김무침,열무물김치,empty,S우유미숫가루,새우편마늘볶음밥,맑은가쓰오부시장국,떡범벅,게살마요무침,깍두기,S건포도감자볼,S포도주스,잡곡밥,아욱맑은국,돼지고기짜장볶음,참나물겉절이,석박지
콩밥,아욱우렁된장국,팽이버섯달걀전,더덕사과무침,깍두기,S바나나(50g),S우유(100ml),시금치소고기덮밥,숙주미소장국,소떡소떡,양배추유자청샐러드,비트초절이,S롤빵,S코코아,율무밥,콩나물육개장,돼지고기찹쌀구이(간장),볼어묵채소조림,총각김치
팥밥,애호박맑은국,돼지고기케첩조림,무나물,깻잎김치,S키위(50g),S떠먹는요구르트(100ml),소고기비빔밥,두부미소장국,오징어완자전,참나물토마토샐러드,깍두기,S옥수수빵,S우유(100ml),찹쌀밥,버섯샤브샤브,닭가슴살데리야끼조림,파프리카유자청무침,오이소박이김치
찹쌀밥,북어채국,소고기달걀장조림,참치감자볶음,총각김치,S블루베리(50g),S떠먹는요구르트(100ml),게살파인애플볶음밥,감자달걀국,고구마튀김,사과샐러드(발사믹드레싱),비트초절이,empty,S복숭아호두스무디,밤콩밥,닭곰탕,돼지고기연근찜,부추나물,나박김치
율무밥,순두부백탕,팽이버섯달걀전,도토리묵상추무침,깍두기,S대추우유스프,empty,소고기김주먹밥,실파김국,웨지감자,사과샐러드(발사믹드레싱),열무물김치,S복숭아(80g),S요구르트,콩밥,부추맑은국,주꾸미떡볶음,감자햄볶음,깻잎김치
수수밥,사골파국,두부달걀전,감자어묵볶음,깍두기,S복숭아(80g),S떠먹는요구르트(100ml),다진소고기김치볶음밥,애호박맑은국,채소크로켓,오이토마토샐러드(발사믹드레싱),열무김치,empty,S수제블루베리우유,찹쌀밥,모듬버섯찌개,돼지고기파프리카볶음,숙주나물무침,오이소박이김치
찹쌀현미밥,청국장찌개,아욱건새우전,도라지배무침,동치미,S치즈,S토마토주스,소고기가지덮밥,실파달걀국,춘권튀김,마카로니콘샐러드,열무물김치,S건포도감자볼,S우유(100ml),밤콩밥,김치두부찌개,주꾸미볶음,우엉채곤약조림,깍두기
찹쌀밥,두부김치국,치즈달걀말이,청포묵김무침,총각김치,empty,S수제바나나우유,브로콜리채소볶음밥,미니유부우동,비빔만두,empty,비트초절이,S딸기(100g),S떠먹는요구르트(100ml),수수밥,사골파국,오징어새우볶음,햄알감자버터구이,깍두기
쌀밥,감자양파국,소고기사태장조림,크래미채소볶음,열무물김치,S과일샐러드(요거트드레싱),empty,찹쌀밥,콩가루쑥국,(저염·저당)찜닭,참외노각무침,백김치,S건포도감자볼,S우유(100ml),밤콩밥,모듬버섯찌개,너비아니채소볶음,모듬튀김,나박김치
찹쌀밥,콩가루쑥국,시금치달걀찜,연근호두조림,오이소박이김치,empty,S우유미숫가루,찹쌀팥밥,두부대합탕국,파돼지불고기,파프리카유자청무침,백김치,S연두부샐러드(오리엔탈드레싱),S매실차,콩밥,맑은꽃게탕,주꾸미볶음,애호박콩가루볶음,총각김치
고구마밥,조랭이떡미역국,닭다리카레찜,고구마순된장무침,깍두기,S참외(100g),empty,짜장참치볶음밥,우동국물,채소크로켓,과일땅콩샐러드,나박김치,empty,S우유미숫가루,밤콩밥,만두국,닭가슴살칠리떡볶음,우엉채곤약조림,열무물김치
수수밥,대구살맑은국,온두부+양념장,삼색나물,총각김치,empty,S수제바나나우유,찹쌀팥밥,바지락맑은국,닭간장조림,감자어묵볶음,백김치,S오미자아이스크림,empty,콩밥,소고기두부탕국,주꾸미볶음,취나물된장무침,비트초절이
팥밥,단호박무국,닭고기간장조림,브로콜리무침,열무물김치,S과일샐러드(요거트드레싱),empty,짜장참치볶음밥,맑은가쓰오부시장국,양파링튀김,감자샐러드,나박김치,S모닝빵+딸기잼,S우유(150ml),옥수수밥,깻잎된장찌개,훈제오리구이+무쌈,애호박볶음,깍두기
옥수수밥,소고기버섯찌개,달걀치즈말이,양배추샐러드(레몬드레싱),동치미,S동태살죽,empty,곤드레무밥+양념장,애호박젓국찌개,어묵감자조림,미니새송이버섯무침,석박지,S감자샐러드,S우유(100ml),쌀밥,만두닭개장,임연수엿장조림,가지양념찜,총각김치
파프리카유부초밥,팽이미소국,토마토달걀볶음,코울슬로,비트초절이,empty,S검은깨두유(100ml),율무밥,감자고추장찌개,애호박생선살찜,김치녹두전,열무물김치,S파인애플(50g),S우유(100ml),밤콩밥,어묵탕,주꾸미떡볶음,양배추쌈,깍두기
잡곡밥,표고버섯된장국,부추달걀볶음,깻잎새콤무침,총각김치,empty,S우유미숫가루,소고기굴소스볶음밥,실파맑은국,알감자조림,파인콘샐러드,나박김치,S애플파이,S우유(100ml),밤콩밥,홍합미역국,닭다리케첩조림,브로콜리무침,단배추물김치
고구마밥,소고기미역국,가지달걀말이,오징어브로콜리숙회,깍두기,S바나나(50g),S떠먹는요구르트(100ml),오므라이스,느타리버섯국,춘권튀김,토마토채소샐러드,나박김치,S치즈,S오렌지주스,찹쌀밥,실파미소장국,닭가슴살구이+소스,크림떡볶이,비트초절이
팥밥,새우살미역국,연어구이+타르타르소스,마늘쫑무침,열무물김치,S멜론(50g),empty,돼지고기채소볶음밥,미니유부우동,당면김말이튀김,토마토치즈샐러드,나박김치,S개피떡(40g),S우유(100ml),밤콩밥,된장찌개,소고기가지불고기,도라지무침,백김치
율무밥,콩나물어묵탕,조랭이떡소불고기,코울슬로,열무김치,S삶은달걀(50g),S두유(100ml),찹쌀밥,두부전골,삼치무간장조림,부추나물,총각김치,S바나나사과키위샐러드,empty,콩밥,모듬버섯찌개,훈제오리구이,숙주초무침,백김치
옥수수밥(40),떡만두국(가공만두),소고기달걀장조림,달래김무침,깍두기,empty,S고구마쉐이크,오징어채소덮밥,유부실파국,옥수수채소튀김,배무생채,비트초절이,S치즈,S오렌지주스(무가당),찹쌀밥,조갯살부추맑은국,돼지사태찜,브로콜리애느타리무침,깍두기
찹쌀밥,김치두부국,달걀치즈말이,양배추샐러드(레몬드레싱),열무물김치,S사과(50g),S우유(200ml),소고기굴소스볶음밥,게살스프,오징어링튀김,마카로니채소샐러드(마요네즈),콜라비나박김치,S감말랭이,S식혜,밤콩밥,청국장국,닭갈비구이,연근감자전,총각김치
흑미밥,홍합미역국,소고기장조림,양배추무침,깍두기,S귤(80g),S호두우유,찹쌀현미밥,"물만두국(달걀제외,가공만두)",연근채소전,오이부추생채,백김치,S청포도(100g),empty,김치영양밥,새우맑은국,제육짜장볶음,상추무생채,나박김치
찹쌀밥,감자된장찌개,콘달걀찜,크래미채소볶음,나박김치,empty,S바나나쉐이크,완두콩밥,버섯찌개,순살간장닭갈비,채소비빔소면,깍두기,S단호박샐러드(마요네즈),S토마토주스,불고기채소비빔밥,쑥갓어묵탕,연근전,empty,총각김치
달걀버섯볶음밥,채소스프,옥수수전,크래미숙주나물무침,총각김치,S치즈,S오렌지주스(무가당),흑미밥,참치김치찌개,닭살표고버섯볶음,아욱나물무침,동치미,empty,S수제블루베리우유,콩밥,달래된장국,돼지고기구이,오이무침,깍두기
팥밥,닭살시금치국,돼지고기파프리카볶음,검정콩호두조림,나박김치,S연두부샐러드(오리엔탈드레싱),S쌀음료,닭갈비덮밥,미니유부우동,단호박구이,양배추샐러드(레몬드레싱),비트초절이,empty,S고구마쉐이크,율무밥,차돌얼갈이국,오징어불고기,느타리버섯나물,오이소박이김치
옥수수밥,참외미역냉국,소고기양파볶음,얼갈이무침,총각김치,empty,S복숭아호두스무디,크림소스스파게티,맑은장국,치킨너겟+토마토케첩,파인콘샐러드,비트초절이,S포도(100g),S떠먹는요구르트(100ml),찹쌀밥,온청포묵국,임연수살구이,짜장떡볶이,단배추물김치
팥밥,건새우아욱토장국,카레닭가슴살볶음,숙주나물무침,깍두기,empty,S수제바나나우유,찹쌀밥,맑은닭개장,삼겹단호박찜,콩나물미나리냉채,비트초절이,S토마토(200g),empty,돼지고기채소덮밥,감자부추국,채소튀김(감자),그린샐러드,나박김치
수수밥,아욱된장국,삼치살데리야끼조림,양배추샐러드(참깨드레싱),총각김치,empty,S우유(150ml),두부베이컨볶음밥,청경채맑은국,감자부추전,치커리겉절이,콜라비나박김치,S단팥빵,S매실차,잡곡밥,김치국,소고기떡찜,오이소박이,동치미
팥밥,들깨채소국,돈사태장조림,도라지무침,백김치,S씨리얼,S우유(100ml),새우부추볶음밥,애호박맑은국,닭봉구이,견과류고구마범벅,석박지,S토마토(200g),empty,옥수수밥,모듬버섯찌개,매콤낙지채소볶음,무나물볶음,나박김치
옥수수밥,시금치국,주꾸미채소간장볶음,숙주미나리나물,백김치,empty,S고구마쉐이크,돼지고기양배추덮밥,유부실파국,옥수수채소튀김,닭가슴살샐러드(머스타드소스),비트초절이,S쌀과자,S식혜,찹쌀밥,두부곤약탕국,(고춧가루제외)갈치조림,콩나물무침,깍두기
찹쌀밥(30),팥죽,달걀간장조림,브로콜리견과류볶음,단배추물김치,S블루베리(50g),S우유(100ml),기장밥,홍합살맑은국,돼지고기우엉잡채,스크램블에그,얼갈이배추김치,S치즈스틱,S오렌지주스,찹쌀팥밥,새우살애호박국,닭살표고버섯볶음,미나리초무침,깍두기
밤콩밥,아욱맑은국,닭살양배추볶음,두부열무나물,파김치,S치즈,S오렌지주스,가지채소볶음밥,감자국,해물김치전,콘샐러드,동치미,S건포도감자볼,S우유(100ml),찹쌀팥밥,감자탕,주꾸미채소볶음,콩나물김무침,총각김치
현미밥,목살김치국,매생이달걀찜,콩나물냉채,깻잎김치,S치즈,S우유미숫가루,취나물표고영양밥,아욱우렁된장국,봄동해물전,고구마줄기볶음,열무김치,S바람떡(40g),S단호박식혜,찹쌀밥,삼계탕,얼갈이무침,파래자반,나박김치
수수밥,갈비탕+당면,달걀치즈말이,파프리카유자청무침,깍두기,S모닝빵,S우유(100ml),오징어버섯덮밥,유부대파국,가지구이,토마토샐러드,비트초절이,empty,S수제바나나우유,찹쌀밥,새우젓국찌개,오리훈제채소구이,우엉채곤약조림,총각김치
팥밥,느타리버섯국,훈제오리볶음,파프리카사과초무침,나박김치,empty,S단호박식혜,소고기가지덮밥,미니유부우동,치킨너겟+머스타드소스,파프리카콘샐러드,열무물김치,S연두부샐러드(오리엔탈드레싱),S우유(100ml),옥수수밥,낙지연포탕,생선까스,무나물,오이소박이김치
수수밥,두부콩나물국,단호박돼지고기등심조림,무나물볶음,백김치,empty,S검은깨두유(100ml),새우간장덮밥,팽이장국,달걀찜(40g),깻잎들깨나물,동치미,S호떡,S쌀음료,밤콩밥,모듬버섯찌개,삼겹단호박찜,양배추나물,비트초절이
소고기김주먹밥,미소장국,두부채소굴소스볶음,콘샐러드,나박김치,empty,S고구마쉐이크,옥수수밥,우렁이된장국,돼지고기부추볶음,콩나물무침,총각김치,S녹차밤양갱,S우유(100ml),찹쌀밥,해물탕,고등어살카레구이,애호박나물,깍두기
달걀버섯볶음밥,유부실파국,소고기장조림,열무볶음,단배추물김치,empty,S수제딸기우유,밤콩밥,달래된장국,두부잡채,미니새송이볶음,백김치,S건포도감자볼,S쌀음료,밤찹쌀팥밥,감자탕,닭고기냉채,미나리초무침,오이소박이김치
팥밥,조랭이떡미역국,소고기피망볶음,팽이버섯부추나물,깍두기,S치즈,S토마토주스,소고기가지덮밥,멸치장국,오징어링튀김,양상추사과샐러드,비트초절이,S오이당근스틱,S두유(100ml),찹쌀밥,새우두부탕국,삼치양념조림,애호박건새우볶음,나박김치
고구마밥,새우살시금치국,돼지고기단호박조림,파프리카양파볶음,동치미,S모닝빵,S오렌지주스(무가당),밤찹쌀팥밥,소갈비탕,돼지고기찹쌀구이(간장),참나물간장무침,단배추물김치,empty,S우유미숫가루,새우크림스파게티,empty,감자튀김,양배추샐러드(레몬드레싱),오이피클
밤콩밥,사골당면국,베이컨팽이버섯볶음,콩나물무침,배추김치,S수제멸치과자,S쌀음료,열무비빔밥,대파된장찌개,달걀찜(40g),배무생채,나박김치,S방울토마토(35g),S호두우유,찹쌀밥,육개장,후라이드치킨,양념가지찜,총각김치
찹쌀밥,순두부국,버섯달걀볶음,돌나물흑임자샐러드,열무물김치,S파프리카스틱,S우유(100ml),미나리불고기덮밥,실파김국,새우살파래전,팽이버섯나물,비트초절이,empty,S토마토주스,수수밥,김치콩나물국,돼지갈비고구마찜,건취나물간장볶음,깍두기
팥밥,바지락파래국,동그랑땡전,무나물,총각김치,S소고기우엉죽,empty,닭살카레감자밥+양념장,느타리버섯국,empty,건새우애호박볶음,나박김치,S마카로니채소샐러드,S수제바나나우유,밤콩밥,두부전골,주꾸미채소간장볶음,냉이나물,오이소박이김치
수수밥,매생이떡국,소고기호두조림,열무볶음,깍두기,empty,S수제딸기우유,닭살파프리카볶음밥,배추된장국,해물김치전,단호박고구마샐러드,열무물김치,S오이당근스틱,S두유(100ml),밤찹쌀팥밥,감자탕,닭고기냉채,두부잡채,백김치
찹쌀밥,찹쌀옹심이국,임연수유자청구이,치즈감자조림,총각김치,S군고구마,S매실차,굴소스닭가슴살덮밥,유부실파국,채소크로켓,채소샐러드(발사믹드레싱),콜라비나박김치,S오이당근스틱,S우유(100ml),팥밥,모듬버섯찌개,소고기청경채볶음,도라지나물,동치미
밤찹쌀팥밥,달래맑은국,새우살달걀찜,애호박콩가루볶음,비트초절이,S고구마맛탕,S보리차,찹쌀밥,건새우시금치국,닭다리살장조림,다시마감자채전,열무김치,empty,S우유미숫가루,옥수수밥,순두부찌개,훈제오리단호박볶음,파프리카유자청무침,깍두기
흑미밥,조랭이떡미역국,돼지고기짜장볶음,팽이버섯부추나물,총각김치,S사과(50g),empty,밤콩밥,모듬버섯찌개,동태포전,어묵케첩조림,나박김치,empty,S바나나쉐이크,소고기파프리카볶음밥,유부맑은국,채소크로켓,연근흑임자샐러드,오이소박이김치
찹쌀밥(추가),팥죽,오징어채소완자전,유채나물무침,동치미,empty,S수제바나나우유,닭살카레볶음밥,유부실파국,깐쇼새우,양상추샐러드(발사믹드레싱),열무물김치,S치즈,S토마토주스,콩밥,낙지연포탕,소고기표고버섯볶음,냉이무침,비트초절이
팥찹쌀밥,미역만두국,삼색달걀찜,애호박볶음,총각김치,S복숭아(80g),S호두우유,옥수수밥,감자수제비국,가자미유자청구이,고구마순된장무침,나박김치,S건포도감자볼,S쌀음료,찹쌀팥밥,콩나물육개장,돼지고기짜장볶음,(고춧가루제외)부추사과무침,열무김치
팥밥,호박맑은국,오리훈제채소구이,콩나물무침,열무물김치,S군고구마,S단호박식혜,찹쌀밥,시금치맑은국,주꾸미채소간장볶음,배오이생채,깍두기,empty,S고구마쉐이크,돼지고기채소덮밥,팽이미소국,봄동해물전,양상추유자청샐러드,단무지무침
수수밥,모듬어묵국,오징어초무침,브로콜리견과류볶음,얼갈이배추김치,S블루베리(50g),S쌀음료,소고기카레라이스,우동국물,두부참치샐러드(유자청드레싱),감자버터구이,비트초절이,S방울토마토(35g),S요구르트,기장밥,감자탕,임연수엿장구이,베이컨파프리카볶음,백김치
팥밥,미역국,두부데리야끼구이,배추나물,깍두기,S파프리카스틱,S단호박식혜,닭살데리야끼덮밥,팽이미소국,(가공)만두튀김,양상추샐러드(키위드레싱),비트초절이,empty,S수제바나나우유,찹쌀밥,소고기배추국,주꾸미채소간장볶음,콩나물무침,백김치
찹쌀밥,곤약어묵국,(저염·저당)돼지고기메추리알조림,애호박볶음,총각김치,empty,S고구마쉐이크,옥수수밥,연두부달걀탕,주꾸미간장조림,김치녹두전,열무김치,S치즈,S망고주스,닭살채소볶음밥,미니유부우동,군만두,사과참외샐러드,나박김치
팥밥,콩가루시금치국,닭살카레조림,숙주당근나물,열무물김치,empty,S수제바나나우유,날치알김치볶음밥,팽이미소국,김달걀말이,마카로니채소샐러드(토마토소스),비트초절이,S키위(50g),S미숫가루,밤콩밥,만두국,돼지고기찹쌀구이(간장),파프리카쌈장무침,오이소박이김치
수수밥,감자미역국,새우살볶음,팽이버섯부추나물,나박김치,S오이스틱,S포도주스,미트볼스파게티,미니유부우동,채소크로켓,단호박고구마샐러드,오이피클,S미니핫도그,S우유(100ml),흑미밥,두부전골,돼지고기사태찜,배추나물,깍두기
돼지고기안심굴소스볶음밥,팽이미소국,토마토달걀볶음,양상추사과샐러드,비트초절이,empty,S수제바나나우유,팥밥,맑은닭개장,돼지고기구이,단배추멸치조림,오이소박이김치,S블루베리(50g),S떠먹는요구르트(100ml),밤콩밥,모듬버섯찌개,동그랑땡전,참외노각무침,백김치
옥수수밥,온청포묵국,삼색채소달걀찜,배무생채,열무물김치,S치즈,S식혜,마파두부덮밥,팽이버섯달걀탕,닭다리살튀김,양상추요거트샐러드,비트초절이,empty,S고구마쉐이크,찹쌀밥,만두닭개장,간장돼지불고기,양념가지찜,나박김치
찹쌀밥,모듬어묵장국,돼지고기데리야끼소스볶음,양상추샐러드(레몬드레싱),백김치,empty,S복숭아호두스무디,열무비빔밥,콩가루배추국,어묵강정,들깨오이무침,깍두기,S치즈스틱,S오렌지주스(무가당),밤콩밥,설렁탕+소면,주꾸미채소간장볶음,(고춧가루제외)부추사과무침,총각김치
수수밥,소고기깻잎국,부추잡채볶음,무말랭이,열무김치,empty,S수제블루베리우유,베이컨채소볶음밥,팽이미소국,채소크로켓,채소샐러드,백김치,S귤(80g),empty,옥수수밥,토마토감자국,참치피망볶음,해물김치전,오이소박이김치
율무밥,바지락된장국,(저염·저당)소고기장조림,들깨무나물,깍두기,empty,S바나나쉐이크,돼지고기카레볶음밥,달걀국,미트볼구이,양상추샐러드(레몬드레싱),비트초절이,empty,S검은깨두유(100ml),찹쌀보리밥,순두부국,소고기짜장볶음,브로콜리무침,총각김치
쌀밥,감자채맑은국,메추리알곤약조림,오이볶음,열무김치,empty,S수제블루베리우유,밤콩밥,꼬막된장찌개,주꾸미채소간장볶음,모듬견과조림,백김치,S연두부샐러드(오리엔탈드레싱),S쌀음료,율무밥,콩나물국,닭안심사과볶음,얼갈이배추겉절이,나박김치
옥수수밥,미역만두국,새우살채소볶음,더덕사과무침,비트초절이,S치즈,S단호박식혜,취나물표고영양밥,두부대합탕국,연어구이+타르타르소스,상추초무침,깍두기,S건포도감자볼,S우유(100ml),율무밥,맑은김치어묵국,애호박생선살찜,(저염)소고기호두조림,백김치
브로콜리채소볶음밥,부추달걀국,소시지케첩조림,애호박건새우볶음,오이피클,S블루베리(50g),S떠먹는요구르트(100ml),찹쌀밥,만두순두부찌개,안매운오삼불고기,상추초무침,총각김치,empty,S우유(100ml),고구마밥,모듬버섯찌개,차돌숙주볶음,세발나물,오이소박이김치
옥수수밥,맑은오징어무국,브로콜리달걀찜,어묵감자조림,나박김치,S귤(80g),empty,새우버섯덮밥,부추달걀국,연근채소전,감자샐러드,열무물김치,empty,S고구마쉐이크,찹쌀밥,순두부국,주꾸미채소간장볶음,콩나물무침,깍두기
팥밥,온도토리묵국,소고기안심버섯볶음,머위나물,나박김치,S멜론(50g),S쌀음료,찹쌀밥,소고기얼갈이국,두부데리야끼구이,(고춧가루제외)부추사과무침,열무김치,empty,S복숭아호두스무디,닭살카레감자밥+양념장,곤약어묵국,감자그라탕,채소샐러드,비트초절이
수수밥,조갯살아욱국,어묵구이+케첩,참외노각무침,깍두기,S파인애플(50g),empty,일본식소고기덮밥(규동),유부양파국,연근채소전,마카로니채소샐러드(마요네즈),열무물김치,empty,S수제바나나우유,밤콩밥,고추장찌개,소불고기,녹두전,나박김치
찹쌀밥,우렁이된장국,오징어불고기,느타리버섯당근볶음,오이소박이김치,S찐옥수수,S우유(100ml),찹쌀팥밥,순한김치국,닭다리카레찜,애호박볶음,열무김치,S사과(50g),empty,소고기가지덮밥,연두부맑은국,채소크로켓,토마토치즈샐러드,비트초절이
소고기김주먹밥,실파콩나물국,게살스크램블에그,연근흑임자소스무침,단무지,S파인애플(50g),S식혜,찹쌀보리밥,김치두부찌개,(저염)갈치조림,참나물무침,동치미,empty,S수제바나나우유,옥수수밥,감자탕,춘천닭갈비,무말랭이,백김치
율무밥,쑥국,가자미찹쌀구이,파래무채무침,얼갈이배추김치,S방울토마토(35g),S단호박식혜,찹쌀밥(추가),해물우동볶음,연어스테이크,새싹채소샐러드,백김치,S치즈,S호두우유,찹쌀팥밥,돼지고기된장찌개,닭살버섯불고기,양배추볶음,열무물김치
수수밥,버섯찌개,참치달걀말이,도라지무침,콜라비나박김치,S방울토마토(35g),S미숫가루,소고기가지덮밥,유부맑은국,완자전,양상추샐러드,비트초절이,empty,S수제바나나우유,밤콩밥,미역만두국,매콤주꾸미볶음,고구마순된장무침,깍두기
찹쌀밥,애호박두부젓국,달걀간장조림,진미채무말랭이무침,총각김치,S방울토마토(35g),S미숫가루,마파두부덮밥,미소장국,단호박튀김,마카로니채소샐러드(마요네즈),열무물김치,S딸기(100g),S떠먹는요구르트(100ml),밤밥,만두국,뼈없는닭갈비,참나물무침,열무김치
잡곡밥,김치두부국,베이컨스크램블에그,고구마줄기볶음,백김치,S캐슈넛참깨죽,S쌀음료,새우파래볶음밥,미니유부우동,고구마연근맛탕,과일샐러드,나박김치,empty,S수제블루베리우유,밤찹쌀팥밥,차돌박이된장국,주꾸미채소볶음,취나물무침,콜라비나박김치
팥밥,시금치된장국,닭날개간장조림,(고춧가루제외)부추사과무침,깍두기,S찐옥수수,S매실차,찹쌀밥,콩비지맑은국,언양식불고기,가지양념찜,총각김치,S건포도감자볼,S둥글레차,새우간장덮밥,느타리버섯국,연근감자전,새싹채소샐러드,단무지무침
찹쌀현미밥(30),두부맑은국,새우살호박볶음,실파김무침,나박김치,S(저당)씨리얼,S우유(100ml),소고기가지덮밥,느타리버섯국,닭봉소스조림,새싹채소샐러드,백김치,S블루베리고구마샐러드,S우유(100ml),옥수수밥,감자탕,낙지떡찜,아욱나물무침,열무물김치
수수밥(30),머위들깨국,볼어묵조림,무나물볶음,나박김치,S수제바나나우유,empty,일본식소고기덮밥(규동),모듬버섯찌개,게맛살튀김,새싹채소샐러드(오리엔탈드레싱),비트초절이,S가래떡구이,S토마토주스,찹쌀밥,만두국,갈치구이,상추사과초무침,총각김치
흑미밥(30),배추당면국,크래미채소볶음,취나물된장무침,나박김치,S방울토마토(35g),empty,소고기카레라이스,달걀파국,미니돈까스,양배추샐러드(딸기드레싱),깍두기,S송편,S매실주스,율무밥,낙지연포탕,곤약메추리알장조림,열무나물,깍두기
옥수수밥(30),만두국,건새우애호박볶음,파래자반,나박김치,S떠먹는요구르트(100ml),empty,돼지고기양배추덮밥,느타리버섯국,두부탕수,양상추샐러드(레몬드레싱),비트초절이,S건포도감자볼,S우유미숫가루,찹쌀밥,삼계탕,단호박견과류조림,고구마줄기볶음,깍두기
율무밥,건홍합맑은국,으깬두부채소전,얼갈이배추겉절이,나박김치,S우유(100ml),empty,소고기유부초밥,해물볶음우동,브로콜리흑임자소스무침,empty,열무물김치,S치즈스틱,S포도주스,찹쌀팥밥,만두닭개장,애호박볶음,고구마순된장무침,깍두기
수수밥(30),미역만두국,임연수카레구이,가지나물무침,나박김치,S단팥죽,empty,두부카레라이스,다시마새우젓국,치킨너겟+머스타드소스,연근흑임자샐러드,깍두기,S머핀,S우유(100ml),찹쌀밥,안매운참치김치찌개,크림떡볶이,오이사과무침,비트초절이
옥수수밥(30),안매운콩비지찌개,가지양념찜,고구마순된장무침,총각김치,S방울토마토(35g),empty,돼지고기양배추덮밥,얼갈이들깨국,너비아니채소볶음,연근마요무침,깍두기,S웨지감자구이,S우유(200ml),찹쌀밥,오징어숙주국,삼치살무조림,애호박나물,나박김치
팥밥(30),시금치북어국,미트볼피망조림,열무된장무침,백김치,S수제바나나우유,empty,일본식소고기덮밥(규동),애호박맑은국,치킨너겟+토마토케첩,새싹채소샐러드,비트초절이,S수제감자피자,S오렌지주스,밤콩밥,두부전골,동태전,채소비빔소면,열무김치
팥밥(30),조랭이떡미역국,닭가슴살가지볶음,애호박나물,총각김치,S사과(50g),S떠먹는요구르트(100ml),브로콜리채소볶음밥,다시마무채국,후르츠탕수육,오이샐러드,깍두기,S인절미,S우유(100ml),밤찹쌀팥밥,당근황태국,떡갈비피망조림,미나리초무침,나박김치
수수밥(30),늙은호박국,감자어묵볶음,모듬버섯전,오이소박이김치,S당근김죽,empty,찹쌀팥밥,채소스프,돈까스+소스,마카로니채소샐러드(마요네즈),깍두기,S고구마경단,S우유(150ml),콩밥,아욱된장국,닭다리케첩조림,취나물무침,총각김치
옥수수밥(30),조갯살미역국,베이컨감자채볶음,느타리버섯나물,열무물김치,S바나나(50g),empty,돼지고기카레라이스,미소된장국,치킨너겟+토마토케첩,empty,깍두기,S단호박설기,S우유(100ml),찹쌀밥,버섯육개장,낙지떡찜,콩비지김치전,비트초절이
팥밥(30),배추맑은국,감자어묵볶음,고구마순된장무침,총각김치,S수제딸기우유,empty,밤콩밥,두부전골,미트볼피망조림,채소비빔소면,나박김치,S송편,S단호박식혜,콩밥,모듬버섯찌개,돼지고기구이,오이쌈장무침,깍두기
옥수수밥(30),미역만두국,가지구이,콩나물무침,나박김치,S멜론(50g),S떠먹는요구르트(100ml),소고기채소볶음밥,채소스프,미니돈까스,오이샐러드,비트초절이,S증편,S망고주스,찹쌀밥,새우살시금치국,닭살굴소스볶음,애호박나물,깍두기
밤콩밥(30),만두국,고구마순된장무침,검정콩조림,깻잎김치,S우유(100ml),empty,불고기채소비빔밥,다시마감자국,생선살탕수,empty,깍두기,S증편,S쌀음료,율무밥,두부전골,닭고기장똑똑이,진미채무말랭이무침,비트초절이
옥수수밥(30),미역만두국,깻잎감자전,느타리버섯나물,깍두기,S바나나쉐이크,empty,일본식소고기덮밥(규동),애호박젓국찌개,양념꼬치어묵,empty,비트초절이,S크림떡볶이,S오렌지주스,찹쌀밥,감자탕,소시지피망볶음,콩나물무침,나박김치
찹쌀밥(추가),두부감자국,분홍소시지전,고구마순된장무침,나박김치,S사과(50g),empty,소고기가지덮밥,만두국,검은깨고구마맛탕,empty,깍두기,S채소전,S우유(200ml),찹쌀밥(추가),모듬버섯된장국,간장찜닭,파프리카사과초무침,오이소박이김치
밤콩밥,팥죽,두부구이+양념장,들깨오이무침,동치미,S바나나쉐이크,empty,일본식소고기덮밥(규동),시금치맑은국,채소크로켓,양상추샐러드(발사믹드레싱),석박지,S미니우동,S오렌지주스,완두콩밥,조랭이떡미역국,낙지채소볶음,느타리버섯나물,나박김치
팥밥(30),조랭이떡미역국,새우살케첩볶음,무말랭이,열무김치,S우유(100ml),empty,소고기가지덮밥,만두국,옥수수채소튀김,empty,깍두기,S크로와상(30g),S오렌지주스,찹쌀밥,느타리버섯국,삼치데리야끼구이,온두부찜,오이소박이김치
팥밥(30),미역국,돼지고기카레볶음,우엉채곤약조림,나박김치,S복숭아호두스무디,empty,유부초밥,미니새우튀김우동,치킨너겟+소스,파프리카유자청무침,비트초절이,S마들렌,S우유(100ml),밤콩밥,바지락된장국,삼겹케첩조림,냉이나물,깍두기
수수밥(30),북어국,새우채소전,팽이버섯나물,콜라비나박김치,S고구마쉐이크,empty,해물버섯덮밥,유부실파국,만두탕수,empty,오이소박이김치,S미니핫도그,S오렌지주스,수수밥,시금치북어국,미트볼피망조림,두부잡채,열무김치
찹쌀보리밥,맑은양배추국,새우살케첩볶음,쑥갓두부무침,깍두기,S떠먹는요구르트(100ml),empty,소고기카레라이스,홍합살맑은국,춘권튀김,상추사과초무침,깍두기,S미니핫도그,S오렌지주스,찹쌀보리밥,달래된장국,주꾸미채소볶음,연근감자전,나박김치
수수밥(30),김치국,달걀말이,어묵곤약조림,열무물김치,S사과(50g),empty,일본식소고기덮밥(규동),두부전골,채소크로켓,콘샐러드,총각김치,S치즈스틱,S단호박식혜,찹쌀밥,맑은육개장,가자미유자청구이,무조림,나박김치
팥밥(30),떡만두국,애호박건새우볶음,시금치나물,나박김치,S사과(50g),S떠먹는요구르트(100ml),소고기굴소스볶음밥,들깨순두부백탕,튀김만두+초간장,empty,깍두기,S딸기쨈식빵,S오렌지주스,밤콩밥,바지락된장국,간장코다리강정,팽이버섯부추나물,백김치
수수밥(30),건새우아욱토장국,김달걀말이,가지양념찜,열무물김치,S수제바나나우유,empty,두부짜장밥,애호박맑은국,군만두,연근흑임자샐러드,깍두기,S모카빵,S우유(100ml),찹쌀밥(추가),당근스프,닭살버터구이,꼬마새송이버섯볶음,비트초절이
잡곡밥(40),닭살시금치국,땅콩연근조림,맛살무침,나박김치,S바나나(50g),S우유(100ml),가지채소볶음밥,청경채된장국,단호박해물찜,empty,비트초절이,S수제감자피자,S포도주스,찹쌀밥,소갈비탕,가자미간장조림,고구마줄기볶음,깍두기
수수밥(30),늙은호박국,감자어묵볶음,다시마튀각,비트초절이,S당근스틱,S떠먹는요구르트(100ml),돼지고기카레라이스,아욱된장국,모듬버섯전,콘채소샐러드,깍두기,S바나나핫케이크,S우유(100ml),콩밥,채소스프,새우까스+타르타르소스,브로콜리흑임자소스무침,총각김치
보리밥(30),미역만두국,(저염)소고기호두조림,콩나물무침,깍두기,S바나나(50g),empty,돼지고기양배추덮밥,실파미소장국,호두강정,오이토마토샐러드(발사믹드레싱),나박김치,S달걀부추빵,S우유(100ml),밤찹쌀팥밥,닭개장,소고기당면조림,애호박볶음,깻잎김치
옥수수밥(30),애호박젓국찌개,돼지고기새송이버섯장조림,가지양념찜,열무물김치,S수제딸기우유,empty,일본식소고기덮밥(규동),모듬어묵장국,두부참치샐러드(유자청드레싱),empty,깍두기,S찐고구마,S우유(100ml),찹쌀밥,감자옹심이국,주꾸미채소간장볶음,봄동부추겉절이,총각김치
수수밥(30),표고버섯탕,둥근어묵무조림,오이사과무침,비트초절이,S키위(50g),empty,소고기가지덮밥,실파콩나물국,채소튀김(감자),콜라비사과무침,나박김치,S백설기,S수제블루베리우유,찹쌀밥,온도토리묵국,해물부추전,양상추유자청샐러드,깍두기
밤밥,어묵맑은국,감자전,고구마줄기볶음,열무물김치,S방울토마토(35g),S떠먹는요구르트(100ml),팥밥,단호박수제비,소고기오이볶음,양배추샐러드(참깨드레싱),깍두기,S우엉주먹밥,S우유(100ml),고구마밥,새우살미역국,가자미무조림,느타리버섯나물,백김치
수수밥(30),모시조개국,메추리알곤약조림,고구마순나물,백김치,S아몬드,S떠먹는요구르트(100ml),소고기가지덮밥,두부전골,호박전,과일샐러드,비트초절이,S마들렌,S우유(100ml),찹쌀밥,닭살미역국,임연수카레구이,들깨오이무침,열무김치
팥밥(30),굴미역국,훈제오리구이,참나물볶음,석박지,S당근두부스넥,S우유(100ml),닭살카레감자밥+양념장,배추당면국,고로케,과일샐러드,깍두기,S치즈스틱,S요구르트,밤콩밥,다슬기된장국,북어채소찜,도토리묵상추무침,나박김치
찹쌀밥(30),느타리버섯국,메추리알어묵조림,무나물,나박김치,S바나나(50g),S떠먹는요구르트(100ml),크림소스스파게티,유부장국,채소크로켓,파프리카유자청무침,비트초절이,S백설기,S매실주스,옥수수밥,두부전골,소고기잡채,콩나물무침,열무물김치
밤콩밥(30),새알떡국,소고기버섯장조림,브로콜리참깨무침,깍두기,S감말랭이,empty,오징어채소덮밥,유부쑥갓맑은국,파인애플탕수육+소스,단호박견과류샐러드,비트초절이,empty,S복숭아호두스무디,완두콩밥,김치두부찌개,달걀치즈말이,근대나물무침,깻잎김치
옥수수밥(30),온청포묵국,두부채소굴소스볶음,콩자반,나박김치,S바나나(50g),S떠먹는요구르트(100ml),소고기채소볶음밥,팽이버섯맑은국,주꾸미채소간장볶음,돌나물과일샐러드,비트초절이,S찐감자,S식혜,찹쌀밥(추가),김치어묵국,미트볼토마토소스조림,고구마순된장무침,열무물김치
팥밥(30),곤약어묵국,건새우애호박볶음,양념가지찜,나박김치,S바나나(50g),S떠먹는요구르트(100ml),밥새우주먹밥,단호박된장국,닭꼬치,파프리카유자청무침,비트초절이,S찐고구마,S우유(100ml),찹쌀밥,매생이홍합국,떡갈비피망조림,콩나물무침,총각김치
잡곡밥(30),실파콩나물국,달걀새송이장조림,참나물겉절이,열무김치,empty,S우유미숫가루,새우편마늘볶음밥,맑은가쓰오부시장국,만두탕수,돌나물오이무침,비트초절이,S고구마샐러드(마요네즈),S토마토주스,흑미밥,유부팽이국,감자돼지갈비찜,깻잎새콤무침,나박김치
수수밥(30),애호박맑은국,갈치구이,고구마순된장무침,석박지,S우유(100ml),empty,오므라이스,미니우동,비빔만두,콘샐러드,깍두기,S백설기,S오렌지주스,찹쌀밥,바지락부추국,돼지고기스테이크조림,양상추샐러드(오리엔탈드레싱),총각김치
팥밥(30),느타리버섯국,미트볼피망조림,콩나물무침,열무물김치,S치즈,S오렌지주스,소고기김주먹밥,미니칼국수,해물부추전,콜라비사과무침,백김치,S바나나(50g),S우유미숫가루,밤콩밥,바지락된장국,주꾸미채소간장볶음,팽이버섯나물,나박김치
밤콩밥(30),쑥갓어묵국,새우살연근조림,애호박볶음,깍두기,S바나나(50g),empty,소고기잡채덮밥,달걀파국,튀김만두+초간장,콘채소샐러드,깍두기,S토마토두부샐러드,S우유(100ml),찹쌀팥밥,김치맑은국,고구마찜닭,청경채초무침,백김치
